Id,Nom,Code,AreaNumber,commune,zone,ville,a_geom
4c2f2d35-34f5-4e75-be5e-6fa5770d65f9,Château d'eau,CD,102,,,Ali Sabieh,f
483bac23-25a4-4906-a700-121f236f3e21,Quartier Ali,QA,121,,,Ali Sabieh,f
13c138f0-96a6-45ba-9120-b0c457cd0f3d,Quartier Shell,QS,,,,Ali Sabieh,f
c2488599-c32e-4a0a-b761-4c7a06d705b8,BACHE A EAU,BE,612,BALBALA,Balbala 6,Djibouti,f
9f60d7e6-e922-4909-af7d-cd62f56e1b33,Bahache,BA,607,BALBALA,Balbala 6,Djibouti,f
1e222daa-c0cd-48d8-b521-323ca52efd6e,BALBALA ANCIEN,BN,615,BALBALA,Balbala 6,Djibouti,f
b74f777c-2119-4782-a367-ac7e5ec4e6df,BALBALA Q11,BL,614,BALBALA,Balbala 6,Djibouti,f
63e360d1-cee4-48f8-9446-bfc3ed74307e,BALBALA Q 5,BQ,511,BALBALA,Balbala 5,Djibouti,f
9c7c8b4c-369e-4ae4-b86c-cc3725cbc94d,Cheik Moussa,CM,512,BALBALA,Balbala 5,Djibouti,t
2152ac52-3184-4240-837f-0f7fa86e65f5,Cimetière,CI,903,BALBALA,Aires speciales,Djibouti,f
5a13ea8c-e165-4fbe-b251-84e10c0568f0,Cite Barwaqo,CB,509,BALBALA,Balbala 5,Djibouti,f
c3be283f-1190-44e0-aff4-f91b8bc636da,Cité Cheikh Osman,CQ,618,BALBALA,Balbala 6,Djibouti,t
a120e7f0-e431-4e5e-ac9a-bb1ba3f03c23,CITE C. MOUSSA,CJ,,BALBALA,,Djibouti,f
d9b6b8be-8aaa-4763-b2fc-7566359b9ab5,Cité Doumeira,DO,503,BALBALA,Balbala 5,Djibouti,t
c7713e6c-2de2-4160-95b9-173f93009e52,Cité Gar Gar,GG,601,BALBALA,Balbala 6,Djibouti,t
d9e734e8-8be9-4ea2-aecb-e7e69006ef7a,CITE HAYABLEY,CY,,BALBALA,,Djibouti,f
c61c5f31-6a65-462d-854f-1ab3a57516b0,CITE HODAN,CN,604,BALBALA,Balbala 6,Djibouti,f
f8d7bfe3-1974-411b-b0ea-d54fecf586a2,Cité Luxembourg,CL,608,BALBALA,Balbala 6,Djibouti,f
2081ff69-931f-489f-8371-1a45d0dde446,Dôgley,DG,507,BALBALA,Balbala 5,Djibouti,t
c5f659c3-c665-481d-8d69-7b7cfbf4bbc0,Harirad,HI,516,BALBALA,Balbala 5,Djibouti,t
c542bc30-5d2a-4337-93df-4b51d876d05f,HAYABLEH,HY,508,BALBALA,Balbala 5,Djibouti,f
88245d0d-45a5-4713-84ee-38a4bb1c0087,Layableh,LY,506,BALBALA,Balbala 5,Djibouti,t
af9d4b44-68ab-4e2b-a4c8-690958442efb,Lotissement 55 Logements,LL,,BALBALA,,Djibouti,f
612752e9-fc66-4700-9016-8765e5f6465d,MIDJADHERE,MI,,BALBALA,,Djibouti,f
695362ce-bd45-42a0-beb4-9d3769b40e2a,Nasib Wanag,NW,514,BALBALA,Balbala 5,Djibouti,t
8930b9a5-3bc1-43de-be75-cb7e433a4b2b,PHARE DE BALBALA,PE,,BALBALA,,Djibouti,f
bbda0d75-3d4e-4c20-82ac-6d37e4713c6c,PK12,PK,603,BALBALA,Balbala 6,Djibouti,f
07b4fb9a-c111-4a9f-9a60-c1ebd7f482d6,Place Mahadsanid,PM,515,BALBALA,Balbala 5,Djibouti,t
39d30770-cdaf-42f2-998f-3ace877f80d0,Pompage,PO,610,BALBALA,Balbala 6,Djibouti,f
7db00ec7-10c3-4475-897c-b689f11b5e18,Quarawil,QU,609,BALBALA,Balbala 6,Djibouti,f
510c2ca4-be7e-46b7-8f81-5a460e1c65ae,Shabeley,SH,602,BALBALA,Balbala 6,Djibouti,t
d4c274fd-2e9a-4873-ba84-a3f4834938fc,T3,TA,613,BALBALA,Balbala 6,Djibouti,f
b25a0133-a147-4963-a91f-d85c0cfed192,WAHLADABA N.,WN,,BALBALA,,Djibouti,f
07f69413-5f13-4220-a6f7-002779b51b44,Wahladaba Sud,WS,605,BALBALA,Balbala 6,Djibouti,f
2d86ab36-d4b4-4dd2-b81c-c95af26b8c55,Warabley,WB,505,BALBALA,Balbala 5,Djibouti,t
a03fe6ab-0cd8-4ae5-ae11-449f53b41d7b,13 éme DBLE,ED,,BOULAOS,,Djibouti,f
fa5425ac-16f1-4515-9f2f-e72b606eabfd,Ambouli,AM,401,BOULAOS,Boulaos 4,Djibouti,f
ed291971-9dc5-44b7-9e81-adb71775cdee,Boulaos,BO,,BOULAOS,,Djibouti,f
6352e681-eb80-4543-8c34-13bcd71826d8,Cimetière d' Ambouli,CA,,BOULAOS,,Djibouti,f
6926b403-7e07-4fae-bc6e-7956d00e70f6,Cité d' Arhiba,CR,303,BOULAOS,Boulaos 3,Djibouti,f
082ad830-f2e7-4c53-b132-5bc9df0b1242,Cité du Stade,CU,315,BOULAOS,Boulaos 3,Djibouti,f
e06ebf26-5a3a-478f-ad94-e5be0ddca1ee,Cité F.N.P.,CF,301,BOULAOS,Boulaos 3,Djibouti,f
657027a3-4f4f-47e9-9ea4-b65bac253528,Cité Gachamaleh,CG,313,BOULAOS,Boulaos 3,Djibouti,f
e53ca92f-b4f1-4fd3-a248-7d3fcf48f113,Cité Hache,CH,,BOULAOS,,Djibouti,f
3ad79a0c-6382-487b-8440-4b4832a509fa,Cité Makka al Moukarama,CK,304,BOULAOS,Boulaos 3,Djibouti,f
6d0878aa-cba1-4621-9f11-6f57909e1c98,Cité Poudrière,CP,307,BOULAOS,Boulaos 3,Djibouti,f
a273b5c0-952c-48dd-a05e-a4436126fc96,Cité Progrès,CO,402,BOULAOS,Boulaos 4,Djibouti,f
1e912a31-2f0b-462a-8c25-f8a166172a46,Cité Saoudienne,CS,201,BOULAOS,Boulaos 2,Djibouti,f
e9b1da08-7dee-499e-8993-042ce6cac1d6,Cité Wadagir 1,CW,,BOULAOS,,Djibouti,f
a5e12271-65e4-4e23-ad1f-cf7efbb42a2e,Cité Wadagir 2,CT,,BOULAOS,,Djibouti,f
241bddcf-1f4c-49ee-9b34-4354f363776b,Cité Willo,CE,,BOULAOS,,Djibouti,f
42a60c14-977f-47d4-8945-ec7b6f00846c,Djebel,DJ,405,BOULAOS,Boulaos 4,Djibouti,f
2b28f32d-f58b-4740-97ef-fe2452598807,DRY PORT,DP,902,BOULAOS,Aires speciales,Djibouti,f
7286cbaa-f32b-453f-a640-7b1f771a2f86,Einguela,Ein,202,BOULAOS,Boulaos 2,Djibouti,t
133247f4-19d6-4506-a7a2-7164dea3013b,Gabode 1,GA,,BOULAOS,,Djibouti,f
8d5ee9f2-36b7-41c7-b047-79dd29030783,Gabode 2,GB,,BOULAOS,,Djibouti,f
f6abc27d-b54c-4186-928f-ab15f8b30e94,Gabode 3,GO,,BOULAOS,,Djibouti,f
378376ea-8f8a-4f15-bdd2-3e078ed45de7,Gabode 4,GD,,BOULAOS,,Djibouti,f
fd4b2d25-4645-4a63-98bc-c205a009803b,Gabode 5,GE,,BOULAOS,,Djibouti,f
9b4fcb01-b4ba-4b81-a493-c781e4844b2d,Guelleh Batal,GT,316,BOULAOS,Boulaos 3,Djibouti,f
70b45b03-e4f3-40f7-81ab-fed2ce07a411,Haramous,HA,404,BOULAOS,Boulaos 4,Djibouti,f
82096341-426c-47d9-b5ff-68e2d99e8b86,Les Salines Ouest,LS,,BOULAOS,,Djibouti,f
5338a704-c7a5-4a24-bccf-c7e640d05760,Lotissement d' Ambouli,LD,,BOULAOS,,Djibouti,f
24c56b28-0888-46fe-99b7-80e20f537949,Lotissement de l'Aérogare,LE,406,BOULAOS,Boulaos 4,Djibouti,f
83b15506-8088-4ea3-a1d7-58569f25ee38,Lotissement de l' Aviation,LV,407,BOULAOS,Boulaos 4,Djibouti,f
5514b90e-12b4-45fc-a33d-3bf50da6dad8,Lotissement du Bourakibir,LU,,BOULAOS,,Djibouti,f
9bead72a-a2b0-44d4-bae9-071d8ff2fb91,Lotissement du Quartier 7 Sud,LQ,,BOULAOS,,Djibouti,f
0518b057-a4e1-44a4-b12b-185b8477afdb,Palmeraie,PA,312,BOULAOS,Boulaos 3,Djibouti,f
3c6133f0-9733-44d8-9d03-576a21ea093b,Quartier 1,QR,203,BOULAOS,Boulaos 2,Djibouti,f
a6668e0a-2bed-442b-af6f-a5d4b13660e4,Quartier 2,QT,204,BOULAOS,Boulaos 2,Djibouti,f
43432c44-abae-4cad-86c9-b3de3e25ded4,Quartier 3,QI,205,BOULAOS,Boulaos 2,Djibouti,f
f39b6559-cad1-44b3-bc79-f90e12da53ff,Quartier 4,QE,206,BOULAOS,Boulaos 2,Djibouti,f
8ce8640d-8ccf-4f6a-80bb-35e2d3e2190c,Quartier 5,QB,308,BOULAOS,Boulaos 3,Djibouti,f
c4ad6eaa-4d1b-4222-aae7-4afc8d731c69,Quartier 6,QC,309,BOULAOS,Boulaos 3,Djibouti,f
deadd2cc-fefc-403b-af2a-b7fcb9b6769f,Quartier 7,Q7,310,BOULAOS,Boulaos 3,Djibouti,t
c37cd747-37c2-42d0-b8c5-e5371598281b,Quartier 7 Bis,QD,314,BOULAOS,Boulaos 3,Djibouti,f
bdcea81c-759f-4609-9e70-5ad7907372dc,Quartier Brière de l'Isle,QL,,BOULAOS,,Djibouti,f
578d2c93-b7a0-4373-bb49-72f01df01c0f,Wadagir,WA,306,BOULAOS,Boulaos 3,Djibouti,f
d0fc3bac-5549-4e23-bfb3-84705db1d6ad,Zone Industrielle Sud,ZI,317,BOULAOS,Boulaos 3,Djibouti,f
03030c58-b26d-4ccb-986f-8c8b49d5f90a,Brise de mer 1,BD,,RAS DIKA,,Djibouti,f
f1d3b61d-415c-4eb6-9ae2-0bae21c51a01,Centre Commercial et Admnistratif,CC,106,RAS DIKA,Ras-Dika 1,Djibouti,f
3c0954d9-f1ed-41ce-b431-b34c0f1be12f,Héron,HE,101,RAS DIKA,Ras-Dika 1,Djibouti,f
c4a325d9-3cfb-43a2-855b-5ac542b6f9bd,Ilôt du Héron,ID,,RAS DIKA,,Djibouti,f
42578684-b4ba-4367-a8c7-152012bde06a,La Plaine,LP,,RAS DIKA,,Djibouti,f
f76b152b-4992-4671-bd6b-4f721a5cebe1,Lotissement de la République,LA,105,RAS DIKA,Ras-Dika 1,Djibouti,f
42513af6-59a7-4a05-b741-dea68fe42709,Marabout,MA,102,RAS DIKA,Ras-Dika 1,Djibouti,f
9425251a-7244-42f7-bcf6-33a19de16f87,Plateau du Serpent,PD,104,RAS DIKA,Ras-Dika 1,Djibouti,f
