Id,Code,Name,Type
d2826a3f-dbaa-4515-8d73-cafaf4c73a70,OSM-148704475,Rue Quartier 7 bis,Rue
bfa5b4ed-aaf2-4ccd-9d3b-46d747a7931a,OSM-352595737,Rue Ayaan,Rue
0b5ae87f-443d-464b-b50b-edca49de4b78,OSM-352600309,Rue de Dakar,Rue
9fc6b183-a8dc-4d60-bf8a-99076aa44d0f,SIG-,Boulevard,Boulevard
749363d5-723e-49ea-8632-f87548a59ecd,SIG-1,BOULEVARD 1,Boulevard
35e0b805-5de6-4e85-9b46-5019a905885a,SIG-10,BOULEVARD 10,Boulevard
523cc894-fa15-46c3-8f05-0928aab2baf8,SIG-11,BOULEVARD 11,Boulevard
bf890805-53f4-4301-8608-23b27372112f,SIG-12,BOULEVARD 12,Boulevard
098a2b1e-861d-47d1-89cd-a176c352f496,SIG-13,BOULEVARD 13,Boulevard
4d8cc754-abf2-4e09-893b-5e2e1eef8128,SIG-14,BOULEVARD 14,Boulevard
0b4dca6a-2c32-45c3-9208-d681fa0ed639,SIG-15,BOULEVARD 15,Boulevard
38403472-a315-41c2-979d-47c46debb152,SIG-16,BOULEVARD 16,Boulevard
74a5b566-ba91-480a-a70c-c58acaa158cd,SIG-17,BOULEVARD 17,Boulevard
72959baf-d748-4720-84ce-7489bed0744c,SIG-18,BOULEVARD18,Boulevard
fc2e352e-553a-4218-ab34-8e1e9810c5f8,SIG-19,BOULEVARD 19,Boulevard
3751b124-25d6-4a10-ae4a-13035dd68b87,SIG-2,BOULEVARD 2,Boulevard
5561109c-9758-475e-bf28-803df520f3b5,SIG-20,BOULEVARD 20,Boulevard
6f04d707-1e11-4aa4-bca5-371b6a4ec414,SIG-21,BOULEVARD 21,Boulevard
cdda1e44-4961-4780-9459-094e9bd44db9,SIG-22,BOULEVARD 22,Boulevard
ef9c436d-668b-484d-8d20-3bb98704e9aa,SIG-227,RUE 227,Rue
1b5e7682-00e3-419a-a0ed-80c4172f36be,SIG-23,BOULEVARD 23,Boulevard
2d898743-7e95-49d7-8815-ede2c7b9d0d1,SIG-24,BOULEVARD 24,Boulevard
4a1b7304-a9c0-489b-a9f6-6cf9f3451b75,SIG-25,BOULEVARD 25,Boulevard
3b52da53-8d20-4092-a61b-ea71ba903814,SIG-26,AVENUE 26,Avenue
e51b3a91-492e-4d7d-9074-fe6c844efb9e,SIG-27,AVENUE 27,Avenue
886a155f-1d5b-4040-9e49-cd0ad36b66c4,SIG-28,Boulevard 28,Boulevard
91ae2e97-2518-4962-afcd-85d814699ba1,SIG-29,Boulevard 29,Boulevard
a5281334-56d9-4b12-9a48-b8aece89e217,SIG-3,BOULEVARD 3,Boulevard
12bce6c5-558b-4220-a5f3-eb2934b02976,SIG-30,Boulevard 30,Boulevard
24ac5ef5-9f5f-4453-a3b8-58cb138232db,SIG-31,Boulevard 31,Boulevard
2c63f7bc-ead0-4702-831f-20a0f38cbe41,SIG-32,Boulevard 32,Boulevard
acf0ac14-e812-4e47-b174-dd981a9cad50,SIG-33,Boulevard 33,Boulevard
f45cc25c-1125-4442-ab97-6367df08630e,SIG-34,Avenue 34,Avenue
91a33793-a5a6-4b65-91df-5e271c44635f,SIG-35,Avenue  35,Avenue
940bd3c2-345c-4bfe-883f-3f9a567dc9f1,SIG-36,Avenue  36,Avenue
86c12e7f-6dbb-4ed1-80c0-5c5a14a8b20f,SIG-37,Boulevard 37,Boulevard
47f8cd93-c655-4041-8c03-f8eeae5f2dee,SIG-38,Avenue 38,Avenue
38231813-bb1c-43e6-8d3b-7017fa23ddff,SIG-39,Boulevard 39,Boulevard
98a19a53-7f10-4e06-80e1-3117517efbe0,SIG-4,BOULEVARD 4,Boulevard
0bbc9423-1ffe-4dc4-8e5d-7abbd05c848d,SIG-40,Avenue 40,Avenue
e755d4b3-18c8-4e46-a910-a2c0c22db653,SIG-41,Boulevard 41,Boulevard
7c91d32b-06e1-420b-8457-e26f52281ecc,SIG-42,Boulevard 42,Boulevard
9bd5a061-e48d-4faf-ac66-df65d0c57e84,SIG-43,RUE 43,Rue
41749aa6-e67d-4f30-97ed-6d898708a3b3,SIG-44,Boulevard 44,Boulevard
298449bd-5f10-4608-86ce-741243b75798,SIG-45,Boulevard 45,Boulevard
e944e4cd-e0d1-4b35-802a-8b4cf4c1e7c9,SIG-46,Boulevard 46,Boulevard
877f0d17-2479-4427-96b6-e817b4136228,SIG-48,RUE 48,Rue
a2810758-233c-47b9-8184-37d0002e6838,SIG-49,Boulevard 49,Boulevard
6a05ac46-81c9-48e3-bf22-5aac41c31e41,SIG-5,BOULEVARD 5,Boulevard
2bcf1119-573a-460e-926b-7286b261be6d,SIG-50,Boulevard 50,Boulevard
a99ddba9-03c1-470b-b57d-004643635059,SIG-51,Boulevard 51,Boulevard
e8ef6f95-6156-4af2-af1c-6174a16a5b62,SIG-52,Boulevard 52,Boulevard
c674dcae-5fa0-414c-b7fe-8ed43349eb05,SIG-53,Boulevard 53,Boulevard
42a1a6f6-c7c7-4f32-9b37-e1070b7e964a,SIG-54,RUE 54,Rue
939cb54d-d39f-4e3c-80a9-7f4c56afaf05,SIG-56,RUE 56,Rue
b6d1cc39-e02e-421f-bea9-4a75f8703f2a,SIG-58,Boulevard 58,Boulevard
354e6ea9-9195-425f-8642-8d667d78323a,SIG-59,Boulevard 59,Boulevard
6d79c879-f052-4271-be14-36663a247940,SIG-6,BOULEVARD 6,Boulevard
5f9be945-0d15-469d-a88f-85557158dfc1,SIG-61,RUE 61,Rue
c316a22a-40cd-4687-a34e-f7651a246592,SIG-62,RUE 62,Rue
915001e7-597a-459d-a95c-7ac93ad6cf47,SIG-63,RUE 63,Rue
8e218f49-0da3-454a-af62-546fab63599e,SIG-64,RUE 64,Rue
9939fdf2-0915-43df-8a82-bb224a228540,SIG-65,RUE 65,Rue
50d86934-950a-4e56-a86b-4fbb320b4650,SIG-7,BOULEVARD 7,Boulevard
b12a7eeb-2ea8-41d9-b841-3570da76f5e9,SIG-8,BOULEVARD 8,Boulevard
a9b8a504-614d-4462-968d-05a1a10d84e7,SIG-9,BOULEVARD 9,Boulevard
59d971c8-d7b0-4f58-9e30-2fedea15d7f4,SIG-ACHAT-BOGOREH,BLVD ACHAT BOGOREH,Boulevard
ec4cbeb8-dd74-4401-b901-f7964d4f31f2,SIG-ACHAT-BOGOREH,BLVD ACHAT BOGOREH,Boulevard
a36e2a6a-4a5d-468b-a2df-cca94f89592f,SIG-ADM-BERNARD,Av ADM BERNARD,Avenue
9d5a1cbd-85c0-45e1-ab0c-4828526c8ae7,SIG-ADM-BERNARD,Av ADM BERNARD,Avenue
2c287aa3-229f-462a-b848-75d858881a77,SIG-ALI-COUBECHE,RUE ALI COUBECHE,Rue
2829feaa-0edc-4f8e-b147-4f5a1e7cfd9f,SIG-BONHOURE,BLD BONHOURE,Boulevard
bc50056b-1b92-462b-81d5-27af1efbcf43,SIG-BONHOURE,BLD BONHOURE,Boulevard
44d32f9d-c448-4693-bcfb-947cb6ac99f2,SIG-BONN,Rue Bonn,Rue
e53ce0ee-229a-418f-a6f0-43719b436da3,SIG-BOUHAN-BEY,Rue Bouhan Bey,Rue
15fb42e3-f85a-452f-8b29-ee266daff429,SIG-BRAZAVILLE,AVENUE BRAZAVILLE,Avenue
103b6d4b-1e44-4bc9-aef4-c4fad755d921,SIG-BRUXELLE,Blvd Bruxelle,Boulevard
b304344f-91d3-4dda-a8a3-49a527cca203,SIG-BRUXELLE,Blvd Bruxelle,Boulevard
6d190ad5-3293-4a23-bedf-061f5c2e7f94,SIG-CIRCULAIRE-DE-L-IGADE,Route circulaire de l' Igade,Route
5c7199bf-33c5-4883-9443-269c9e5ab721,SIG-D-ADDIS-ABEBA,RUE D'ADDIS ABEBA,Rue
c99f47f3-6adf-4ca3-9ab7-81d8d51f2b76,SIG-D-ALEXANDRIE,Rue d' Alexandrie,Rue
221a6b09-fafd-488b-b921-d010c1e86751,SIG-D-ALI-SABIEH,Rue d' Ali_- Sabieh,Rue
0713f14d-be15-482e-90ad-0df34be558cf,SIG-DE-ATHENE,Rue de Athene,Rue
157c0c87-a5c3-4fe9-a202-e433d09e749b,SIG-DE-BIR-HAKEIM,RUE DE BIR HAKEIM,Rue
8335237e-935b-4c3f-a41c-34c49b53ffad,SIG-DE-BRUXELLES,RUE DE BRUXELLES,Rue
e50ecae9-ede9-4cc1-9853-4f38fea2613f,SIG-DE-GENEVE,RUE DE GENEVE,Rue
d5d7d47a-6915-44fa-9c6d-64e05c5b4d3f,SIG-DE-GUYNEMER,RUE DE GUYNEMER,Rue
4030efe7-b981-45bd-982c-fddf4e7eeaf3,SIG-DE-KAMPALA,RUE DE KAMPALA,Rue
2b6e3604-0065-4c3f-bde5-8995163599d6,SIG-DE-KHARTOUM,RUE DE KHARTOUM,Rue
6593ee72-632f-485c-94f8-e019d030593a,SIG-DE-L-AMIRAL-COURBET,RUE DE L'AMIRAL COURBET,Rue
7623a04d-bb8d-4e5f-8080-1ad4d1cbcb7d,SIG-DE-L-AMIRRAL-COURBET,Rue de l' Amirral Courbet,Rue
525cc280-08d1-4d8c-8c17-b4040d5eb1bb,SIG-DE-LA-MOSQUEE,RUE DE LA MOSQUEE,Rue
755778f0-a182-4bd0-856b-2e6a831a662b,SIG-DE-LA-PAIX,RUE DE LA PAIX,Rue
7244ddc8-8ead-4032-a4e5-e4aed4ee2633,SIG-DE-LA-REPUBLIQUE,BLVD DE LA REPUBLIQUE,Boulevard
8329b5ba-9755-492b-875c-cc0ed6e07dda,SIG-DE-LA-REPUBLIQUE,BLVD DE LA REPUBLIQUE,Boulevard
294d44d7-6500-4d00-a137-fe23773b6994,SIG-DE-LONDRE,RUE DE LONDRE,Rue
1e7e390a-2fd2-41cd-a905-413646e2873d,SIG-DE-MARSEILLE,RUE DE MARSEILLE,Rue
da81499e-9cd9-48cd-bc45-1164f86d362f,SIG-DE-MOGADISHO,RUE DE MOGADISHO,Rue
a8641f8f-ce7a-4f50-816e-2f70e068b2f3,SIG-DE-MOSCOU,RUE DE MOSCOU,Rue
081e502c-09e8-4a94-8992-ca8d2175ef17,SIG-DE-NAIROBI,RUE DE NAIROBI,Rue
5df67bd6-73e0-40d8-a70b-16cdda52070c,SIG-DENIS-RIVOYRE,Rue Denis  Rivoyre,Rue
ba76df3a-5b48-4e2c-8b4c-a7747cf771e1,SIG-DE-PARIS,Rue de Paris,Rue
5001dc21-6da9-4604-a998-8254ee81ec65,SIG-DE-ROME,Rue de Rome,Rue
a743da93-04c8-4f48-ac75-c79d949ace91,SIG-DE-ROYAN,Rue de Royan,Rue
b0b0abb8-b671-424e-bc46-f044b3724cca,SIG-DES-ECOLES,Rue des ecoles,Rue
651129af-245a-4d77-9310-0350d4c46ac5,SIG-D-ETHIOPIE,RUE D'ETHIOPIE,Rue
5ad9c321-8283-489b-b547-e8a1349e13c3,SIG-DE-VENISE,ROUTE DE VENISE,Route
dd643c5f-412b-4762-81d8-88a9e204df95,SIG-DE-ZEILA,rue de zeila,Rue
30ccdc4a-c613-4cb5-97e9-7dab3823e181,SIG-DIKHIL,Rue Dikhil,Rue
c94d91c3-a0af-4b5a-8bde-9b7cc6e64bae,SIG-DORALEH,ROUTE DORALEH,Route
5bac71fe-1094-423e-8ba2-3183d3eb330b,SIG-DU-HERON,Av. du  Heron,Avenue
83ab5e21-7578-4812-ab0f-0c5733579121,SIG-DU-HERON,Av. du  Heron,Avenue
4ba670dd-0ff1-4438-8ce5-726f510a6724,SIG-DU-PROFESSEUR-ROUX,RUE DU PROFESSEUR ROUX,Rue
14995828-edff-443f-a10f-e4efc1376c99,SIG-DU-RAS-MAKONNEN,Rue du Ras Makonnen,Rue
c06066e0-2ff1-4af1-a541-f4a233a4ef83,SIG-FUKUZAWA,Av . Fukuzawa,Avenue
ccdeedc1-519b-4d7a-ac39-5c12f0c3c2c7,SIG-FUKUZAWA,Av . Fukuzawa,Avenue
c4d10b89-0d33-423e-b0ea-6c40440f9633,SIG-GAMAL-ABDEL-NASSER,AVENUE GAMAL  ABDEL NASSER,Avenue
f971c8f7-0037-42e1-be68-ded7d9aabb1c,SIG-GENERALE-DE-GAULE,BLVD GENERALE DE GAULE,Boulevard
be2ee405-6371-451b-827f-937f7028911b,SIG-GENERALE-DE-GAULE,BLVD GENERALE DE GAULE,Boulevard
e83087a7-a60b-41cd-bd69-fb79570c3d4e,SIG-GEORGE-PAMPIDOU,AVENUE GEORGE PAMPIDOU,Avenue
275d7bb3-3e89-4db2-9d08-53f8685dd3be,SIG-GUELLEH-BATAL,Bvd Guelleh Batal,Boulevard
23d7b004-4f02-48e8-93a6-85869596d28e,SIG-GUELLEH-BATAL,Bvd Guelleh Batal,Boulevard
ca4b9b2c-6ef4-4de7-9f98-e045b092b35d,SIG-HASSAN-GOULED-APTIDON,HASSAN GOULED APTIDON,Rue
400a6d55-a226-4d48-abf7-a9e2e288357a,SIG-HASSAN-HOUSSEIN,RUE HASSAN HOUSSEIN,Rue
f79da2e2-006d-444e-a9b7-f62896fcbd94,SIG-HENRY-LAMBERT,RUE HENRY LAMBERT,Rue
8531a14e-91d6-44e8-9dc6-020fe72ad6fd,SIG-HOUMED-LOAITA,Rue Houmed Loaita,Rue
4a55a527-d6ff-4b83-81de-6229a48fa1ef,SIG-IDRISS-OMAR-GUELLEH,BLVD IDRISS OMAR GUELLEH,Boulevard
3393f2de-5b94-4ea2-927b-9f188b58c971,SIG-IDRISS-OMAR-GUELLEH,BLVD IDRISS OMAR GUELLEH,Boulevard
fa9847ca-9c38-44ca-b268-2968dacfa3cd,SIG-KHOR-BOURHAN,Blvd Khor Bourhan,Boulevard
e62a15eb-7bf5-422d-ba01-0f423f6e7f0d,SIG-KHOR-BOURHAN,Blvd Khor Bourhan,Boulevard
1399f9db-2930-44b8-9cb3-0dc760349f24,SIG-L-AEROPORRT,Route  l' aeroporrt,Route
9013c6b3-4ca4-4bd4-b545-848980cb93c9,SIG-L-AEROPORT,Route  l' aeroport,Route
7d9c6f75-d3c1-4c02-838c-31408fc11c6a,SIG-LA-SIESTA,ROUTE LA SIESTA,Route
c99f3177-83d8-4701-b076-5a8b065fe76d,SIG-LOYADA,Av.  Loyada,Avenue
45c7627a-2800-44bd-bc44-27211b6132f7,SIG-LOYADA,Av.  Loyada,Avenue
127f1762-33a7-4f83-84aa-5ce36645e62e,SIG-MAHAMED-DAHAN-ABDALLAAH,Mahamed dahan Abdallaah,Rue
614b2de4-1959-4391-85cc-911cf156988a,SIG-MAHAMED-DJAMA-ELABAH,Mahamed Djama Elabah,Rue
32158e65-8c5f-4515-935f-d3280c79024d,SIG-MARCHAND,RUE MARCHAND,Rue
6be46997-a1b1-46be-83ab-977f4d9e7636,SIG-MARECHAL-FRANCHET-D-ESPERAY,Boul Marechal Franchet d' Esperay,Boulevard
2e29f455-3a48-483b-9d83-d85cdaa90daf,SIG-MARECHAL-FRANCHET-D-ESPERAY,Boul Marechal Franchet d' Esperay,Boulevard
b8883536-eebf-4b74-ba51-371fb5a46466,SIG-MARECHAL-FRANCHET-D-ESPERY,BLVD MARECHAL FRANCHET d'espery,Boulevard
9655c083-a414-4fe1-b7c5-ea68ce9ab208,SIG-MARECHAL-FRANCHET-D-ESPERY,BLVD MARECHAL FRANCHET d'espery,Boulevard
4e3dfde8-e720-415b-85c6-4a663dc2cb6f,SIG-MED-AHMED-ISSA-CHEIKO,Bvd Med Ahmed Issa Cheiko,Boulevard
e24dc466-d0c3-4974-ade0-07b742f9a6e8,SIG-MED-AHMED-ISSA-CHEIKO,Bvd Med Ahmed Issa Cheiko,Boulevard
c3b530ec-f915-43d6-b297-3d6b6dd61bba,SIG-MED-F-DIRIEH-DIT-DJANALEH,Av Med F.Dirieh dit djanaleh,Avenue
86aa5dfb-8c4f-4c4e-b94f-fa3353d5d344,SIG-MED-F-DIRIEH-DIT-DJANALEH,Av Med F.Dirieh dit djanaleh,Avenue
bede1f86-194a-48b0-8188-1c75c7af358c,SIG-MOHAMED-DILEITA-CHEHEM,Mohamed  Dileita Chehem,Rue
06fada8e-425d-4322-879f-54d074b97118,SIG-NASRO-HOUMED-ABRO,RUE NASRO HOUMED ABRO,Rue
8d12b01f-5d51-43be-8c72-d493ce6ed5ef,SIG-NATIONAL-1,ROUTE NATIONAL 1,Route
34ed9ae5-cecb-4118-9849-e1673bcd775d,SIG-RAS-MAKONNEN,RUE RAS MAKONNEN,Rue
4ded0b8a-8b10-47ef-b0f5-15492f1247ca,SIG-ROCHER-D-HERICOURT,RUE ROCHER D'HERICOURT,Rue
98a345ad-944d-4207-bc4c-28f28de36b66,SIG-ROOSEVELT,Av Roosevelt,Avenue
4bf34e5e-18c0-47f0-8e5f-cec2035069bd,SIG-ROOSEVELT,Av Roosevelt,Avenue
023f88dc-16a6-4ed7-973b-6d0fad306133,SIG-R-P-DE-FOUCAULT,RUE R.P DE FOUCAULT,Rue
b6461ec1-0b81-4c4d-9aee-98e8a0409996,SIG-SALAH-O-HILDID,AVENUE SALAH O.HILDID,Avenue
fdca352a-cb60-46b0-b287-ecdc17c3a971,SIG-T-32,T 32,Rue
15ab4527-9515-42d5-8c09-16d2115a9cf3,SIG-T-45,T 45,Rue
98117a52-ccc7-499d-bfd7-33bb4d9f14b0,SIG-T-50,T 50,Rue
b504b866-4bbd-4e98-868e-dfbe56d779af,SIG-T-58,T 58,Rue
931bb64a-6987-4440-86bd-a2f1acbe38aa,SIG-TADJOURAH,Rue  Tadjourah,Rue
