source,ogc_fid,nom,type_revet,etat_chaus,longueur_m,lon,lat
voierie_tertiaire_non_bitumee,383,AVENUE10,,,26,43.149433,11.590304
voierie_tertiaire_non_bitumee,7,AVENUE 10,,,267,43.146892,11.589870
voierie_tertiaire_non_bitumee,382,AVENUE 10,,,140,43.148681,11.590173
voierie_tertiaire_non_bitumee,384,AVENUE 10,,,127,43.150125,11.590432
voierie_tertiaire_non_bitumee,20,AVENUE 15,,,177,43.148116,11.588228
voierie_tertiaire_non_bitumee,1136,AVENUE  15,,,263,43.150117,11.588491
voierie_tertiaire_non_bitumee,418,AVENUE 17,,,160,43.148286,11.587574
voierie_tertiaire_non_bitumee,1138,AVENUE  17,,,272,43.150247,11.587840
voierie_tertiaire_non_bitumee,271,AVENUE 2,,,39,43.148166,11.592401
voierie_tertiaire_non_bitumee,272,AVENUE 2,,,46,43.148802,11.592523
voierie_tertiaire_non_bitumee,273,AVENUE 2,,,15,43.149075,11.592579
voierie_tertiaire_non_bitumee,1141,AVENUE  20,,,365,43.150814,11.586834
voierie_tertiaire_non_bitumee,1142,AVENUE  21,,,369,43.150886,11.586378
voierie_tertiaire_non_bitumee,1143,AVENUE  22,,,234,43.150324,11.585953
voierie_tertiaire_non_bitumee,426,AVENUE 23,,,136,43.147087,11.585641
voierie_tertiaire_non_bitumee,1144,AVENUE  23,,,122,43.149883,11.585740
voierie_tertiaire_non_bitumee,1146,AVENUE  23,,,55,43.150710,11.585792
voierie_tertiaire_non_bitumee,428,AVENUE24,,,210,43.148378,11.585510
voierie_tertiaire_non_bitumee,1145,AVENUE  24,,,68,43.149999,11.585494
voierie_tertiaire_non_bitumee,431,AVENUE 25,,,64,43.149076,11.585357
voierie_tertiaire_non_bitumee,432,AVENUE 25,,,32,43.148181,11.585193
voierie_tertiaire_non_bitumee,1011,AVENUE 27,,,97,43.145823,11.583441
voierie_tertiaire_non_bitumee,16,AVENUE 3,,,118,43.147230,11.591937
voierie_tertiaire_non_bitumee,199,AVENUE4,,,103,43.148265,11.591865
voierie_tertiaire_non_bitumee,1,AVENUE 4,,,128,43.147269,11.591677
voierie_tertiaire_non_bitumee,4,AVENUE7,,,216,43.146984,11.590766
voierie_tertiaire_non_bitumee,279,AVENUE 7,,,259,43.149098,11.591147
voierie_tertiaire_non_bitumee,380,AVENUE8,,,206,43.149467,11.590926
voierie_tertiaire_non_bitumee,5,AVENUE 8,,,247,43.146887,11.590430
voierie_tertiaire_non_bitumee,379,AVENUE 8,,,63,43.148256,11.590702
voierie_tertiaire_non_bitumee,6,AVENUE 9,,,237,43.147476,11.590293
voierie_tertiaire_non_bitumee,381,AVENUE 9,,,146,43.149968,11.590561
voierie_tertiaire_non_bitumee,254,BOULEVARD 10,,,28,43.147219,11.592048
voierie_tertiaire_non_bitumee,260,BOULEVARD11,,,30,43.147580,11.590410
voierie_tertiaire_non_bitumee,13,BOULEVARD13,,,24,43.147570,11.592367
voierie_tertiaire_non_bitumee,14,BOULEVARD 13,,,27,43.147609,11.592139
voierie_tertiaire_non_bitumee,1131,BOULEVARD 16,,,140,43.149021,11.585691
voierie_tertiaire_non_bitumee,397,BOULEVARD 22,,,19,43.149516,11.590404
voierie_tertiaire_non_bitumee,400,BOULEVARD 23,,,31,43.149171,11.592456
voierie_tertiaire_non_bitumee,126,Boulevard 30,,,98,43.145595,11.578854
voierie_tertiaire_non_bitumee,242,Boulevard 30,,,60,43.145589,11.578139
voierie_tertiaire_non_bitumee,215,Boulevard 33,,,45,43.144964,11.578203
voierie_tertiaire_non_bitumee,125,Boulevard 39,,,126,43.143645,11.578244
voierie_tertiaire_non_bitumee,269,BOULEVARD5,,,82,43.146619,11.590003
voierie_tertiaire_non_bitumee,247,BOULEVARD7,,,33,43.146858,11.592009
voierie_tertiaire_non_bitumee,249,BOULEVARD8,,,49,43.146988,11.592102
voierie_tertiaire_non_bitumee,251,BOULEVARD9,,,81,43.147122,11.591997
voierie_tertiaire_non_bitumee,253,BOULEVARD9,,,33,43.147396,11.589172
voierie_tertiaire_non_bitumee,1119,BOULEVARD 9,,,23,43.147710,11.585298
voierie_tertiaire_non_bitumee,445,RUE 13,,,46,43.143912,11.585677
voierie_tertiaire_non_bitumee,1015,RUE 24,,,61,43.146159,11.582668
voierie_tertiaire_non_bitumee,1002,RUE 5,,,80,43.144928,11.583938
voierie_extension,1,,,,6533,43.172025,11.541409
voierie_extension,2,,,,2320,43.160611,11.524877
voierie_extension,3,,,,4703,43.167886,11.548659
voierie_extension,4,,,,8256,43.173291,11.494710
voierie_extension,5,,,,12869,43.195084,11.484776
voierie_extension,6,,,,5885,43.149300,11.481461
voierie_extension,7,,,,14165,43.139763,11.452594
voierie_extension,8,,,,10208,43.122546,11.484094
voierie_extension,10,,,,8948,43.126894,11.516920
voierie_extension,12,,,,4511,43.132021,11.531499
voierie_extension,14,,,,1218,43.068962,11.590810
voierie_extension,15,,,,880,43.141476,11.590560
voierie_extension,16,,,,818,43.132628,11.577226
voierie_extension,17,,,,587,43.135191,11.579079
voierie_extension,18,,,,306,43.141825,11.592192
voierie_extension,19,,,,395,43.141224,11.593201
voierie_extension,20,,,,328,43.143497,11.593696
voierie_tertiaire_bitumee,1,,,,483,43.137174,11.586712
voierie_tertiaire_bitumee,2,,,,269,43.136999,11.584215
voierie_tertiaire_bitumee,3,,,,153,43.134886,11.584112
voierie_tertiaire_bitumee,4,,,,473,43.135844,11.586040
voierie_tertiaire_bitumee,5,,,,162,43.137154,11.585030
voierie_tertiaire_bitumee,6,,,,242,43.135517,11.582258
voierie_tertiaire_bitumee,7,,,,213,43.134553,11.582446
voierie_tertiaire_bitumee,8,,,,257,43.144555,11.563185
voierie_tertiaire_bitumee,9,,,,103,43.144140,11.563903
voierie_tertiaire_bitumee,10,,,,164,43.158523,11.578416
voierie_tertiaire_bitumee,11,,,,1131,43.161833,11.563518
voierie_tertiaire_bitumee,12,,,,284,43.162208,11.567696
voierie_tertiaire_bitumee,14,,,,151,43.165925,11.566250
voierie_tertiaire_bitumee,15,,,,568,43.167999,11.559412
voierie_tertiaire_bitumee,16,,,,687,43.166739,11.560549
voierie_tertiaire_bitumee,17,,,,193,43.168205,11.559626
voierie_tertiaire_bitumee,18,,,,140,43.167088,11.558618
voierie_tertiaire_bitumee,19,,,,149,43.167824,11.557957
voierie_tertiaire_bitumee,20,,,,608,43.167162,11.558021
voierie_tertiaire_bitumee,21,,,,323,43.168608,11.559380
voierie_tertiaire_bitumee,22,,,,207,43.167210,11.561847
voierie_tertiaire_bitumee,23,,,,156,43.168082,11.563069
voierie_tertiaire_bitumee,24,,,,951,43.166240,11.566982
voierie_tertiaire_bitumee,25,,,,140,43.163167,11.570114
voierie_tertiaire_bitumee,26,,,,444,43.168752,11.561602
voierie_tertiaire_bitumee,27,,,,510,43.165634,11.558823
voierie_tertiaire_bitumee,28,,,,45,43.165252,11.558644
voierie_tertiaire_bitumee,29,,,,175,43.165456,11.557612
voierie_tertiaire_bitumee,30,,,,104,43.165918,11.556782
voierie_tertiaire_bitumee,31,,,,114,43.162161,11.558411
voierie_tertiaire_bitumee,32,,,,434,43.162800,11.560145
voierie_tertiaire_bitumee,33,,,,280,43.152725,11.558695
voierie_tertiaire_bitumee,34,,,,424,43.154900,11.558025
voierie_tertiaire_bitumee,35,,,,265,43.153697,11.558915
voierie_tertiaire_bitumee,36,,,,258,43.154665,11.559165
voierie_tertiaire_bitumee,37,,,,117,43.155795,11.558840
voierie_tertiaire_bitumee,38,,,,329,43.154206,11.558987
voierie_tertiaire_bitumee,39,,,,328,43.154164,11.559127
voierie_tertiaire_bitumee,40,,,,318,43.151093,11.558245
voierie_tertiaire_bitumee,41,,,,216,43.144365,11.564302
voierie_tertiaire_bitumee,42,,,,48,43.144217,11.564818
voierie_tertiaire_bitumee,43,,,,152,43.144376,11.565019
voierie_tertiaire_bitumee,48,,,,290,43.150568,11.603346
voierie_tertiaire_bitumee,50,,,,185,43.157131,11.603189
voierie_tertiaire_bitumee,55,,,,80,43.145413,11.609850
voierie_tertiaire_bitumee,58,,,,99,43.154298,11.607400
voierie_tertiaire_bitumee,67,,,,145,43.147956,11.588245
voierie_tertiaire_bitumee,70,,,,130,43.148140,11.587597
voierie_tertiaire_non_bitumee,11,,,,149,43.144744,11.582307
voierie_tertiaire_non_bitumee,26,,,,91,43.144756,11.580161
voierie_tertiaire_non_bitumee,27,,,,75,43.144900,11.579973
voierie_tertiaire_non_bitumee,28,,,,86,43.144833,11.580391
voierie_tertiaire_non_bitumee,29,,,,129,43.145189,11.579831
voierie_tertiaire_non_bitumee,30,,,,84,43.143562,11.582035
voierie_tertiaire_non_bitumee,33,,,,86,43.149158,11.584291
voierie_tertiaire_non_bitumee,34,,,,91,43.149313,11.584442
voierie_tertiaire_non_bitumee,35,,,,62,43.149402,11.582893
voierie_tertiaire_non_bitumee,36,,,,62,43.149393,11.582995
voierie_tertiaire_non_bitumee,42,,,,57,43.151175,11.584654
voierie_tertiaire_non_bitumee,43,,,,34,43.151454,11.584607
voierie_tertiaire_non_bitumee,44,,,,80,43.149882,11.583719
voierie_tertiaire_non_bitumee,45,,,,122,43.150112,11.583596
voierie_tertiaire_non_bitumee,46,,,,41,43.150226,11.583277
voierie_tertiaire_non_bitumee,47,,,,115,43.150341,11.583637
voierie_tertiaire_non_bitumee,48,,,,91,43.151262,11.583986
voierie_tertiaire_non_bitumee,49,,,,72,43.150547,11.583465
voierie_tertiaire_non_bitumee,52,,,,66,43.151669,11.585122
voierie_tertiaire_non_bitumee,53,,,,45,43.151320,11.585088
voierie_tertiaire_non_bitumee,54,,,,49,43.148937,11.582119
voierie_tertiaire_non_bitumee,55,,,,180,43.147818,11.580450
voierie_tertiaire_non_bitumee,56,,,,48,43.147498,11.580773
voierie_tertiaire_non_bitumee,57,,,,75,43.147321,11.580718
voierie_tertiaire_non_bitumee,59,,,,17,43.147331,11.580275
voierie_tertiaire_non_bitumee,70,,,,267,43.149640,11.583673
voierie_tertiaire_non_bitumee,72,,,,53,43.149298,11.582666
voierie_tertiaire_non_bitumee,73,,,,53,43.149184,11.582651
voierie_tertiaire_non_bitumee,74,,,,93,43.149054,11.584391
voierie_tertiaire_non_bitumee,75,,,,91,43.148902,11.584364
voierie_tertiaire_non_bitumee,76,,,,113,43.148612,11.584156
voierie_tertiaire_non_bitumee,77,,,,116,43.148388,11.584111
voierie_tertiaire_non_bitumee,80,,,,113,43.148762,11.583145
voierie_tertiaire_non_bitumee,82,,,,87,43.149196,11.583994
voierie_tertiaire_non_bitumee,83,,,,33,43.149209,11.584151
voierie_tertiaire_non_bitumee,84,,,,120,43.149069,11.583426
voierie_tertiaire_non_bitumee,85,,,,107,43.149314,11.583526
voierie_tertiaire_non_bitumee,86,,,,93,43.149487,11.583534
voierie_tertiaire_non_bitumee,87,,,,91,43.149939,11.584534
voierie_tertiaire_non_bitumee,88,,,,193,43.150888,11.584297
voierie_tertiaire_non_bitumee,89,,,,56,43.149689,11.584643
voierie_tertiaire_non_bitumee,90,,,,57,43.149405,11.583778
voierie_tertiaire_non_bitumee,91,,,,315,43.150910,11.582861
voierie_tertiaire_non_bitumee,92,,,,159,43.151278,11.582913
voierie_tertiaire_non_bitumee,93,,,,57,43.151271,11.583230
voierie_tertiaire_non_bitumee,94,,,,70,43.151634,11.583273
voierie_tertiaire_non_bitumee,95,,,,215,43.148164,11.575945
voierie_tertiaire_non_bitumee,96,,,,144,43.147998,11.575299
voierie_tertiaire_non_bitumee,97,,,,46,43.147159,11.575068
voierie_tertiaire_non_bitumee,98,,,,61,43.147019,11.574739
voierie_tertiaire_non_bitumee,101,,,,57,43.148273,11.571232
voierie_tertiaire_non_bitumee,103,,,,281,43.152365,11.558549
voierie_tertiaire_non_bitumee,104,,,,347,43.132485,11.569292
voierie_tertiaire_non_bitumee,105,,,,181,43.132045,11.568278
voierie_tertiaire_non_bitumee,106,,,,136,43.132735,11.568668
voierie_tertiaire_non_bitumee,107,,,,161,43.133066,11.565921
voierie_tertiaire_non_bitumee,108,,,,161,43.132828,11.565796
voierie_tertiaire_non_bitumee,109,,,,164,43.132581,11.565666
voierie_tertiaire_non_bitumee,110,,,,59,43.133471,11.565744
voierie_tertiaire_non_bitumee,114,,,,113,43.144048,11.590756
voierie_tertiaire_non_bitumee,115,,,,26,43.147715,11.580554
voierie_tertiaire_non_bitumee,116,,,,27,43.147933,11.580690
voierie_tertiaire_non_bitumee,117,,,,16,43.148182,11.580825
voierie_tertiaire_non_bitumee,118,,,,79,43.148440,11.580542
voierie_tertiaire_non_bitumee,119,,,,41,43.148064,11.580408
voierie_tertiaire_non_bitumee,120,,,,57,43.143717,11.581460
voierie_tertiaire_non_bitumee,121,,,,9,43.143797,11.581281
voierie_tertiaire_non_bitumee,150,,,,67,43.143247,11.574481
voierie_tertiaire_non_bitumee,157,,,,80,43.137606,11.575999
voierie_tertiaire_non_bitumee,166,,,,74,43.139211,11.572531
voierie_tertiaire_non_bitumee,167,,,,75,43.139041,11.572285
voierie_tertiaire_non_bitumee,168,,,,76,43.138858,11.572054
voierie_tertiaire_non_bitumee,169,,,,74,43.138692,11.571826
voierie_tertiaire_non_bitumee,170,,,,80,43.138499,11.571613
voierie_tertiaire_non_bitumee,174,,,,213,43.137336,11.571053
voierie_tertiaire_non_bitumee,175,,,,215,43.137171,11.570840
voierie_tertiaire_non_bitumee,176,,,,215,43.137003,11.570629
voierie_tertiaire_non_bitumee,177,,,,218,43.136857,11.570404
voierie_tertiaire_non_bitumee,178,,,,210,43.136734,11.570181
voierie_tertiaire_non_bitumee,179,,,,212,43.136570,11.569963
voierie_tertiaire_non_bitumee,180,,,,213,43.136420,11.569760
voierie_tertiaire_non_bitumee,181,,,,212,43.136283,11.569569
voierie_tertiaire_non_bitumee,182,,,,208,43.136150,11.569346
voierie_tertiaire_non_bitumee,183,,,,157,43.136039,11.568740
voierie_tertiaire_non_bitumee,184,,,,157,43.135883,11.568509
voierie_tertiaire_non_bitumee,185,,,,148,43.135748,11.568330
voierie_tertiaire_non_bitumee,186,,,,149,43.135624,11.568122
voierie_tertiaire_non_bitumee,187,,,,234,43.135154,11.568087
voierie_tertiaire_non_bitumee,188,,,,209,43.137511,11.571248
voierie_tertiaire_non_bitumee,189,,,,667,43.137223,11.570335
voierie_tertiaire_non_bitumee,190,,,,213,43.137830,11.571742
voierie_tertiaire_non_bitumee,191,,,,63,43.138350,11.572490
voierie_tertiaire_non_bitumee,192,,,,59,43.138193,11.572637
voierie_tertiaire_non_bitumee,193,,,,140,43.137714,11.572231
voierie_tertiaire_non_bitumee,197,,,,370,43.136982,11.564954
voierie_tertiaire_non_bitumee,198,,,,471,43.136437,11.564603
voierie_tertiaire_non_bitumee,207,,,,96,43.137456,11.564857
voierie_tertiaire_non_bitumee,214,,,,117,43.137104,11.562597
voierie_tertiaire_non_bitumee,216,,,,339,43.137250,11.563901
voierie_tertiaire_non_bitumee,217,,,,95,43.137560,11.565406
voierie_tertiaire_non_bitumee,220,,,,148,43.137092,11.564633
voierie_tertiaire_non_bitumee,221,,,,83,43.135381,11.566314
voierie_tertiaire_non_bitumee,222,,,,74,43.135420,11.566069
voierie_tertiaire_non_bitumee,223,,,,144,43.134398,11.565795
voierie_tertiaire_non_bitumee,224,,,,214,43.134826,11.565620
voierie_tertiaire_non_bitumee,225,,,,204,43.134891,11.565341
voierie_tertiaire_non_bitumee,226,,,,194,43.134965,11.565061
voierie_tertiaire_non_bitumee,227,,,,185,43.135018,11.564801
voierie_tertiaire_non_bitumee,228,,,,176,43.135080,11.564533
voierie_tertiaire_non_bitumee,229,,,,131,43.134988,11.564218
voierie_tertiaire_non_bitumee,230,,,,37,43.135710,11.564422
voierie_tertiaire_non_bitumee,231,,,,156,43.135209,11.563980
voierie_tertiaire_non_bitumee,232,,,,146,43.135278,11.563696
voierie_tertiaire_non_bitumee,233,,,,136,43.135342,11.563418
voierie_tertiaire_non_bitumee,234,,,,126,43.135417,11.563149
voierie_tertiaire_non_bitumee,235,,,,34,43.135902,11.563020
voierie_tertiaire_non_bitumee,236,,,,389,43.135103,11.564468
voierie_tertiaire_non_bitumee,237,,,,350,43.134689,11.564507
voierie_tertiaire_non_bitumee,238,,,,340,43.135493,11.564786
voierie_tertiaire_non_bitumee,287,,,,82,43.141864,11.578030
voierie_tertiaire_non_bitumee,291,,,,52,43.138827,11.576363
voierie_tertiaire_non_bitumee,292,,,,82,43.138148,11.576562
voierie_tertiaire_non_bitumee,293,,,,136,43.138055,11.575906
voierie_tertiaire_non_bitumee,294,,,,54,43.138341,11.576308
voierie_tertiaire_non_bitumee,298,,,,124,43.137199,11.576403
voierie_tertiaire_non_bitumee,300,,,,69,43.138347,11.577246
voierie_tertiaire_non_bitumee,301,,,,61,43.138000,11.577108
voierie_tertiaire_non_bitumee,302,,,,32,43.136904,11.575730
voierie_tertiaire_non_bitumee,305,,,,253,43.149555,11.575496
voierie_tertiaire_non_bitumee,306,,,,48,43.149003,11.574962
voierie_tertiaire_non_bitumee,307,,,,43,43.149195,11.575327
voierie_tertiaire_non_bitumee,312,,,,260,43.146555,11.568797
voierie_tertiaire_non_bitumee,313,,,,175,43.147269,11.568833
voierie_tertiaire_non_bitumee,314,,,,100,43.146727,11.568193
voierie_tertiaire_non_bitumee,315,,,,266,43.145577,11.566681
voierie_tertiaire_non_bitumee,316,,,,221,43.146322,11.566180
voierie_tertiaire_non_bitumee,317,,,,172,43.147782,11.567447
voierie_tertiaire_non_bitumee,318,,,,192,43.149067,11.568573
voierie_tertiaire_non_bitumee,319,,,,110,43.148251,11.568126
voierie_tertiaire_non_bitumee,320,,,,459,43.150668,11.572022
voierie_tertiaire_non_bitumee,321,,,,377,43.146650,11.563787
voierie_tertiaire_non_bitumee,324,,,,74,43.147018,11.561780
voierie_tertiaire_non_bitumee,325,,,,253,43.147255,11.560322
voierie_tertiaire_non_bitumee,326,,,,191,43.148141,11.560337
voierie_tertiaire_non_bitumee,330,,,,113,43.147852,11.559843
voierie_tertiaire_non_bitumee,331,,,,108,43.147224,11.563284
voierie_tertiaire_non_bitumee,332,,,,106,43.147573,11.563902
voierie_tertiaire_non_bitumee,333,,,,126,43.147267,11.564423
voierie_tertiaire_non_bitumee,338,,,,146,43.144438,11.565430
voierie_tertiaire_non_bitumee,339,,,,113,43.144492,11.566087
voierie_tertiaire_non_bitumee,340,,,,81,43.144486,11.566740
voierie_tertiaire_non_bitumee,341,,,,190,43.148326,11.566448
voierie_tertiaire_non_bitumee,342,,,,192,43.148530,11.565781
voierie_tertiaire_non_bitumee,343,,,,65,43.149565,11.575042
voierie_tertiaire_non_bitumee,344,,,,222,43.147243,11.575573
voierie_tertiaire_non_bitumee,345,,,,181,43.150175,11.575219
voierie_tertiaire_non_bitumee,346,,,,114,43.149830,11.575017
voierie_tertiaire_non_bitumee,347,,,,65,43.149537,11.574524
voierie_tertiaire_non_bitumee,348,,,,36,43.149332,11.575488
voierie_tertiaire_non_bitumee,349,,,,37,43.149424,11.575643
voierie_tertiaire_non_bitumee,350,,,,38,43.149533,11.575827
voierie_tertiaire_non_bitumee,351,,,,37,43.149642,11.575998
voierie_tertiaire_non_bitumee,352,,,,41,43.149733,11.576173
voierie_tertiaire_non_bitumee,353,,,,30,43.149798,11.576365
voierie_tertiaire_non_bitumee,354,,,,31,43.149892,11.576540
voierie_tertiaire_non_bitumee,355,,,,259,43.143812,11.565722
voierie_tertiaire_non_bitumee,356,,,,198,43.155861,11.567110
voierie_tertiaire_non_bitumee,357,,,,193,43.156981,11.566293
voierie_tertiaire_non_bitumee,358,,,,203,43.146802,11.564944
voierie_tertiaire_non_bitumee,359,,,,60,43.147138,11.563543
voierie_tertiaire_non_bitumee,360,,,,563,43.149869,11.566593
voierie_tertiaire_non_bitumee,361,,,,163,43.136356,11.572050
voierie_tertiaire_non_bitumee,362,,,,263,43.135584,11.572410
voierie_tertiaire_non_bitumee,363,,,,261,43.134832,11.571384
voierie_tertiaire_non_bitumee,365,,,,179,43.135311,11.573615
voierie_tertiaire_non_bitumee,366,,,,141,43.134459,11.572435
voierie_tertiaire_non_bitumee,367,,,,180,43.135583,11.573416
voierie_tertiaire_non_bitumee,368,,,,140,43.134746,11.572227
voierie_tertiaire_non_bitumee,369,,,,176,43.135678,11.572486
voierie_tertiaire_non_bitumee,370,,,,98,43.136239,11.572483
voierie_tertiaire_non_bitumee,371,,,,66,43.135810,11.571877
voierie_tertiaire_non_bitumee,372,,,,118,43.135707,11.571556
voierie_tertiaire_non_bitumee,373,,,,81,43.137012,11.572944
voierie_tertiaire_non_bitumee,374,,,,66,43.137333,11.573531
voierie_tertiaire_non_bitumee,375,,,,64,43.136928,11.573810
voierie_tertiaire_non_bitumee,376,,,,154,43.136223,11.568971
voierie_tertiaire_non_bitumee,377,,,,495,43.136178,11.570172
voierie_tertiaire_non_bitumee,378,,,,159,43.144828,11.581774
voierie_tertiaire_non_bitumee,448,,,,93,43.140001,11.586335
voierie_tertiaire_non_bitumee,449,,,,51,43.140103,11.586519
voierie_tertiaire_non_bitumee,450,,,,73,43.139904,11.586391
voierie_tertiaire_non_bitumee,451,,,,74,43.139774,11.586214
voierie_tertiaire_non_bitumee,452,,,,91,43.139794,11.586458
voierie_tertiaire_non_bitumee,453,,,,45,43.139490,11.586929
voierie_tertiaire_non_bitumee,454,,,,49,43.139506,11.586935
voierie_tertiaire_non_bitumee,455,,,,28,43.139013,11.586896
voierie_tertiaire_non_bitumee,456,,,,77,43.138790,11.585885
voierie_tertiaire_non_bitumee,457,,,,45,43.138869,11.585979
voierie_tertiaire_non_bitumee,458,,,,43,43.138727,11.585782
voierie_tertiaire_non_bitumee,459,,,,46,43.139140,11.585499
voierie_tertiaire_non_bitumee,460,,,,46,43.139337,11.585366
voierie_tertiaire_non_bitumee,461,,,,76,43.139254,11.585440
voierie_tertiaire_non_bitumee,462,,,,48,43.139628,11.585747
voierie_tertiaire_non_bitumee,463,,,,45,43.139606,11.585745
voierie_tertiaire_non_bitumee,464,,,,98,43.138855,11.585092
voierie_tertiaire_non_bitumee,465,,,,43,43.138651,11.585224
voierie_tertiaire_non_bitumee,466,,,,43,43.138861,11.585096
voierie_tertiaire_non_bitumee,467,,,,42,43.139039,11.584954
voierie_tertiaire_non_bitumee,468,,,,66,43.143345,11.586446
voierie_tertiaire_non_bitumee,469,,,,81,43.143045,11.586051
voierie_tertiaire_non_bitumee,470,,,,33,43.142552,11.585692
voierie_tertiaire_non_bitumee,471,,,,78,43.142775,11.585716
voierie_tertiaire_non_bitumee,472,,,,56,43.143613,11.586758
voierie_tertiaire_non_bitumee,473,,,,75,43.143917,11.587359
voierie_tertiaire_non_bitumee,474,,,,109,43.138067,11.588782
voierie_tertiaire_non_bitumee,475,,,,130,43.138099,11.588503
voierie_tertiaire_non_bitumee,476,,,,70,43.137962,11.588613
voierie_tertiaire_non_bitumee,477,,,,58,43.137685,11.588403
voierie_tertiaire_non_bitumee,478,,,,62,43.137517,11.588268
voierie_tertiaire_non_bitumee,479,,,,59,43.137225,11.588120
voierie_tertiaire_non_bitumee,480,,,,73,43.137813,11.587566
voierie_tertiaire_non_bitumee,481,,,,73,43.138024,11.587690
voierie_tertiaire_non_bitumee,482,,,,73,43.138348,11.587824
voierie_tertiaire_non_bitumee,483,,,,78,43.138284,11.588773
voierie_tertiaire_non_bitumee,484,,,,87,43.138676,11.587964
voierie_tertiaire_non_bitumee,485,,,,81,43.137470,11.587447
voierie_tertiaire_non_bitumee,486,,,,216,43.139602,11.589327
voierie_tertiaire_non_bitumee,487,,,,141,43.139516,11.588696
voierie_tertiaire_non_bitumee,488,,,,55,43.139668,11.588418
voierie_tertiaire_non_bitumee,489,,,,123,43.137849,11.579380
voierie_tertiaire_non_bitumee,490,,,,158,43.137161,11.579992
voierie_tertiaire_non_bitumee,491,,,,67,43.137978,11.578916
voierie_tertiaire_non_bitumee,492,,,,162,43.137637,11.581449
voierie_tertiaire_non_bitumee,493,,,,177,43.132143,11.568091
voierie_tertiaire_non_bitumee,494,,,,89,43.133196,11.567406
voierie_tertiaire_non_bitumee,495,,,,84,43.132937,11.567238
voierie_tertiaire_non_bitumee,496,,,,23,43.132903,11.567085
voierie_tertiaire_non_bitumee,497,,,,22,43.132774,11.567321
voierie_tertiaire_non_bitumee,498,,,,23,43.133213,11.567582
voierie_tertiaire_non_bitumee,499,,,,22,43.133352,11.567337
voierie_tertiaire_non_bitumee,500,,,,31,43.133597,11.567390
voierie_tertiaire_non_bitumee,501,,,,74,43.132874,11.567711
voierie_tertiaire_non_bitumee,502,,,,18,43.132824,11.567776
voierie_tertiaire_non_bitumee,503,,,,141,43.134183,11.566335
voierie_tertiaire_non_bitumee,504,,,,28,43.131640,11.567584
voierie_tertiaire_non_bitumee,505,,,,29,43.131869,11.567680
voierie_tertiaire_non_bitumee,506,,,,29,43.132087,11.567833
voierie_tertiaire_non_bitumee,507,,,,30,43.132335,11.567937
voierie_tertiaire_non_bitumee,508,,,,24,43.132563,11.568091
voierie_tertiaire_non_bitumee,509,,,,34,43.132816,11.568199
voierie_tertiaire_non_bitumee,510,,,,101,43.140399,11.563085
voierie_tertiaire_non_bitumee,511,,,,53,43.140321,11.562812
voierie_tertiaire_non_bitumee,512,,,,40,43.139754,11.562819
voierie_tertiaire_non_bitumee,513,,,,40,43.139764,11.563025
voierie_tertiaire_non_bitumee,514,,,,39,43.139747,11.563243
voierie_tertiaire_non_bitumee,515,,,,142,43.139549,11.563234
voierie_tertiaire_non_bitumee,516,,,,112,43.139923,11.563139
voierie_tertiaire_non_bitumee,517,,,,133,43.139302,11.563109
voierie_tertiaire_non_bitumee,518,,,,117,43.139131,11.563033
voierie_tertiaire_non_bitumee,519,,,,138,43.139634,11.560709
voierie_tertiaire_non_bitumee,520,,,,81,43.140905,11.561578
voierie_tertiaire_non_bitumee,521,,,,150,43.141461,11.561344
voierie_tertiaire_non_bitumee,522,,,,22,43.140568,11.562224
voierie_tertiaire_non_bitumee,523,,,,32,43.140698,11.562079
voierie_tertiaire_non_bitumee,524,,,,25,43.140854,11.562151
voierie_tertiaire_non_bitumee,525,,,,36,43.140990,11.561993
voierie_tertiaire_non_bitumee,526,,,,154,43.132982,11.568899
voierie_tertiaire_non_bitumee,527,,,,165,43.133158,11.569053
voierie_tertiaire_non_bitumee,528,,,,167,43.133295,11.569236
voierie_tertiaire_non_bitumee,529,,,,53,43.133227,11.568458
voierie_tertiaire_non_bitumee,530,,,,46,43.133147,11.568664
voierie_tertiaire_non_bitumee,531,,,,43,43.133029,11.568900
voierie_tertiaire_non_bitumee,532,,,,23,43.133229,11.569155
voierie_tertiaire_non_bitumee,533,,,,230,43.147847,11.611196
voierie_tertiaire_non_bitumee,538,,,,247,43.151133,11.610976
voierie_tertiaire_non_bitumee,539,,,,343,43.147549,11.592513
voierie_tertiaire_non_bitumee,541,,,,167,43.151277,11.611111
voierie_tertiaire_non_bitumee,551,,,,59,43.133333,11.565986
voierie_tertiaire_non_bitumee,552,,,,93,43.133314,11.566353
voierie_tertiaire_non_bitumee,553,,,,152,43.133420,11.566728
voierie_tertiaire_non_bitumee,554,,,,31,43.133593,11.566666
voierie_tertiaire_non_bitumee,555,,,,190,43.134372,11.567040
voierie_tertiaire_non_bitumee,556,,,,121,43.134913,11.567800
voierie_tertiaire_non_bitumee,557,,,,181,43.134461,11.567727
voierie_tertiaire_non_bitumee,558,,,,170,43.133677,11.567520
voierie_tertiaire_non_bitumee,559,,,,87,43.134154,11.566480
voierie_tertiaire_non_bitumee,560,,,,108,43.133960,11.566489
voierie_tertiaire_non_bitumee,561,,,,64,43.134242,11.567283
voierie_tertiaire_non_bitumee,562,,,,170,43.134251,11.567830
voierie_tertiaire_non_bitumee,563,,,,100,43.134252,11.568179
voierie_tertiaire_non_bitumee,564,,,,65,43.134760,11.568019
voierie_tertiaire_non_bitumee,565,,,,93,43.134415,11.568312
voierie_tertiaire_non_bitumee,566,,,,97,43.133900,11.567978
voierie_tertiaire_non_bitumee,567,,,,99,43.133695,11.567869
voierie_tertiaire_non_bitumee,568,,,,140,43.133771,11.568114
voierie_tertiaire_non_bitumee,569,,,,178,43.134057,11.567952
voierie_tertiaire_non_bitumee,570,,,,51,43.134863,11.567605
voierie_tertiaire_non_bitumee,571,,,,29,43.134752,11.567402
voierie_tertiaire_non_bitumee,572,,,,23,43.134649,11.567371
voierie_tertiaire_non_bitumee,573,,,,93,43.134423,11.566599
voierie_tertiaire_non_bitumee,574,,,,163,43.134526,11.566981
voierie_tertiaire_non_bitumee,575,,,,110,43.135466,11.567406
voierie_tertiaire_non_bitumee,576,,,,156,43.135320,11.567105
voierie_tertiaire_non_bitumee,577,,,,148,43.135456,11.562171
voierie_tertiaire_non_bitumee,578,,,,70,43.136123,11.562189
voierie_tertiaire_non_bitumee,579,,,,42,43.136333,11.562220
voierie_tertiaire_non_bitumee,580,,,,42,43.136259,11.561951
voierie_tertiaire_non_bitumee,581,,,,117,43.136435,11.561899
voierie_tertiaire_non_bitumee,583,,,,93,43.136493,11.561360
voierie_tertiaire_non_bitumee,584,,,,129,43.137081,11.561971
voierie_tertiaire_non_bitumee,585,,,,30,43.137676,11.561928
voierie_tertiaire_non_bitumee,586,,,,29,43.136966,11.562156
voierie_tertiaire_non_bitumee,589,,,,80,43.139484,11.559708
voierie_tertiaire_non_bitumee,590,,,,42,43.139840,11.560062
voierie_tertiaire_non_bitumee,591,,,,53,43.139816,11.559705
voierie_tertiaire_non_bitumee,592,,,,290,43.140102,11.559651
voierie_tertiaire_non_bitumee,593,,,,157,43.141726,11.558953
voierie_tertiaire_non_bitumee,594,,,,183,43.139875,11.560259
voierie_tertiaire_non_bitumee,595,,,,59,43.139326,11.560132
voierie_tertiaire_non_bitumee,596,,,,23,43.139450,11.560236
voierie_tertiaire_non_bitumee,597,,,,28,43.139304,11.560253
voierie_tertiaire_non_bitumee,598,,,,42,43.133990,11.568880
voierie_tertiaire_non_bitumee,599,,,,48,43.133982,11.568887
voierie_tertiaire_non_bitumee,600,,,,97,43.148229,11.576393
voierie_tertiaire_non_bitumee,601,,,,131,43.147623,11.576461
voierie_tertiaire_non_bitumee,602,,,,242,43.147751,11.555362
voierie_tertiaire_non_bitumee,603,,,,487,43.149592,11.558027
voierie_tertiaire_non_bitumee,604,,,,213,43.158276,11.569384
voierie_tertiaire_non_bitumee,605,,,,250,43.159816,11.569583
voierie_tertiaire_non_bitumee,606,,,,84,43.135615,11.559925
voierie_tertiaire_non_bitumee,607,,,,112,43.134499,11.561083
voierie_tertiaire_non_bitumee,608,,,,162,43.133482,11.562056
voierie_tertiaire_non_bitumee,609,,,,97,43.137736,11.558356
voierie_tertiaire_non_bitumee,610,,,,108,43.139793,11.557248
voierie_tertiaire_non_bitumee,611,,,,165,43.140361,11.556703
voierie_tertiaire_non_bitumee,612,,,,134,43.146444,11.574963
voierie_tertiaire_non_bitumee,613,,,,72,43.146113,11.574824
voierie_tertiaire_non_bitumee,616,,,,331,43.147823,11.568532
voierie_tertiaire_non_bitumee,617,,,,148,43.147184,11.565482
voierie_tertiaire_non_bitumee,618,,,,62,43.146340,11.563900
voierie_tertiaire_non_bitumee,619,,,,317,43.146146,11.563371
voierie_tertiaire_non_bitumee,620,,,,128,43.147568,11.562757
voierie_tertiaire_non_bitumee,621,,,,157,43.134898,11.574705
voierie_tertiaire_non_bitumee,622,,,,113,43.134529,11.574724
voierie_tertiaire_non_bitumee,623,,,,113,43.134307,11.574886
voierie_tertiaire_non_bitumee,624,,,,113,43.134081,11.575041
voierie_tertiaire_non_bitumee,625,,,,121,43.134646,11.575319
voierie_tertiaire_non_bitumee,626,,,,99,43.133321,11.575360
voierie_tertiaire_non_bitumee,627,,,,103,43.133573,11.575632
voierie_tertiaire_non_bitumee,630,,,,37,43.145900,11.565600
voierie_tertiaire_non_bitumee,631,,,,38,43.146152,11.565808
voierie_tertiaire_non_bitumee,632,,,,36,43.146403,11.566034
voierie_tertiaire_non_bitumee,633,,,,38,43.146648,11.566234
voierie_tertiaire_non_bitumee,634,,,,37,43.146901,11.566454
voierie_tertiaire_non_bitumee,635,,,,114,43.145845,11.566438
voierie_tertiaire_non_bitumee,636,,,,130,43.146360,11.566806
voierie_tertiaire_non_bitumee,637,,,,124,43.146039,11.567030
voierie_tertiaire_non_bitumee,638,,,,26,43.147265,11.567763
voierie_tertiaire_non_bitumee,639,,,,28,43.147638,11.568092
voierie_tertiaire_non_bitumee,640,,,,199,43.147453,11.567733
voierie_tertiaire_non_bitumee,642,,,,94,43.149010,11.570027
voierie_tertiaire_non_bitumee,643,,,,585,43.136324,11.571362
voierie_tertiaire_non_bitumee,644,,,,45,43.135295,11.567750
voierie_tertiaire_non_bitumee,645,,,,45,43.135015,11.566929
voierie_tertiaire_non_bitumee,646,,,,35,43.135183,11.566741
voierie_tertiaire_non_bitumee,647,,,,56,43.135315,11.566818
voierie_tertiaire_non_bitumee,648,,,,65,43.133727,11.568907
voierie_tertiaire_non_bitumee,649,,,,45,43.133573,11.568753
voierie_tertiaire_non_bitumee,650,,,,47,43.133459,11.568969
voierie_tertiaire_non_bitumee,651,,,,47,43.133896,11.569049
voierie_tertiaire_non_bitumee,652,,,,132,43.133667,11.569360
voierie_tertiaire_non_bitumee,653,,,,59,43.133253,11.569846
voierie_tertiaire_non_bitumee,654,,,,76,43.133414,11.569585
voierie_tertiaire_non_bitumee,655,,,,25,43.133042,11.569483
voierie_tertiaire_non_bitumee,656,,,,25,43.132983,11.569128
voierie_tertiaire_non_bitumee,657,,,,23,43.131606,11.567917
voierie_tertiaire_non_bitumee,658,,,,23,43.131821,11.568039
voierie_tertiaire_non_bitumee,659,,,,24,43.132054,11.568172
voierie_tertiaire_non_bitumee,660,,,,24,43.132289,11.568298
voierie_tertiaire_non_bitumee,661,,,,24,43.132518,11.568417
voierie_tertiaire_non_bitumee,662,,,,147,43.150541,11.575289
voierie_tertiaire_non_bitumee,663,,,,51,43.139951,11.560495
voierie_tertiaire_non_bitumee,664,,,,631,43.159849,11.559473
voierie_tertiaire_non_bitumee,665,,,,60,43.148233,11.602124
voierie_tertiaire_non_bitumee,666,,,,47,43.139247,11.560578
voierie_tertiaire_non_bitumee,667,,,,20,43.139465,11.560658
voierie_tertiaire_non_bitumee,668,,,,14,43.139206,11.560642
voierie_tertiaire_non_bitumee,669,,,,176,43.139675,11.561480
voierie_tertiaire_non_bitumee,670,,,,105,43.139915,11.561929
voierie_tertiaire_non_bitumee,671,,,,65,43.140127,11.561759
voierie_tertiaire_non_bitumee,672,,,,28,43.140278,11.561568
voierie_tertiaire_non_bitumee,673,,,,38,43.139993,11.561728
voierie_tertiaire_non_bitumee,674,,,,68,43.139259,11.561743
voierie_tertiaire_non_bitumee,675,,,,29,43.139304,11.561874
voierie_tertiaire_non_bitumee,676,,,,70,43.139235,11.562033
voierie_tertiaire_non_bitumee,677,,,,54,43.139221,11.561311
voierie_tertiaire_non_bitumee,678,,,,79,43.139374,11.561063
voierie_tertiaire_non_bitumee,679,,,,42,43.139736,11.561275
voierie_tertiaire_non_bitumee,680,,,,51,43.139832,11.560987
voierie_tertiaire_non_bitumee,681,,,,13,43.139843,11.561018
voierie_tertiaire_non_bitumee,682,,,,119,43.140656,11.560491
voierie_tertiaire_non_bitumee,683,,,,54,43.140401,11.560400
voierie_tertiaire_non_bitumee,684,,,,45,43.140599,11.560266
voierie_tertiaire_non_bitumee,685,,,,80,43.140076,11.561029
voierie_tertiaire_non_bitumee,686,,,,54,43.140305,11.561222
voierie_tertiaire_non_bitumee,687,,,,28,43.140037,11.561176
voierie_tertiaire_non_bitumee,688,,,,48,43.140104,11.561297
voierie_tertiaire_non_bitumee,689,,,,8,43.139712,11.561251
voierie_tertiaire_non_bitumee,690,,,,52,43.140477,11.561120
voierie_tertiaire_non_bitumee,691,,,,77,43.140671,11.560948
voierie_tertiaire_non_bitumee,692,,,,123,43.141013,11.560617
voierie_tertiaire_non_bitumee,693,,,,34,43.141133,11.560718
voierie_tertiaire_non_bitumee,694,,,,65,43.141535,11.561034
voierie_tertiaire_non_bitumee,695,,,,40,43.141067,11.561235
voierie_tertiaire_non_bitumee,696,,,,67,43.138687,11.558762
voierie_tertiaire_non_bitumee,697,,,,243,43.137129,11.560461
voierie_tertiaire_non_bitumee,698,,,,23,43.137495,11.560503
voierie_tertiaire_non_bitumee,699,,,,38,43.137693,11.560495
voierie_tertiaire_non_bitumee,700,,,,15,43.137098,11.560467
voierie_tertiaire_non_bitumee,701,,,,80,43.137278,11.560197
voierie_tertiaire_non_bitumee,702,,,,308,43.137474,11.559370
voierie_tertiaire_non_bitumee,703,,,,131,43.136832,11.560190
voierie_tertiaire_non_bitumee,704,,,,46,43.137619,11.559954
voierie_tertiaire_non_bitumee,705,,,,76,43.137916,11.560083
voierie_tertiaire_non_bitumee,706,,,,17,43.135404,11.562050
voierie_tertiaire_non_bitumee,707,,,,15,43.135159,11.562339
voierie_tertiaire_non_bitumee,708,,,,18,43.135627,11.561851
voierie_tertiaire_non_bitumee,709,,,,55,43.136070,11.561662
voierie_tertiaire_non_bitumee,711,,,,63,43.136238,11.561192
voierie_tertiaire_non_bitumee,712,,,,335,43.134386,11.564114
voierie_tertiaire_non_bitumee,713,,,,91,43.134171,11.563597
voierie_tertiaire_non_bitumee,714,,,,196,43.134085,11.564496
voierie_tertiaire_non_bitumee,717,,,,219,43.162873,11.563733
voierie_tertiaire_non_bitumee,718,,,,116,43.160506,11.574300
voierie_tertiaire_non_bitumee,719,,,,395,43.164122,11.563003
voierie_tertiaire_non_bitumee,720,,,,70,43.164834,11.564994
voierie_tertiaire_non_bitumee,722,,,,599,43.153222,11.583490
voierie_tertiaire_non_bitumee,723,,,,345,43.151079,11.579350
voierie_tertiaire_non_bitumee,724,,,,93,43.152156,11.584493
voierie_tertiaire_non_bitumee,725,,,,86,43.150941,11.584705
voierie_tertiaire_non_bitumee,726,,,,109,43.143649,11.588703
voierie_tertiaire_non_bitumee,727,,,,39,43.143769,11.588575
voierie_tertiaire_non_bitumee,728,,,,57,43.144011,11.588819
voierie_tertiaire_non_bitumee,729,,,,77,43.143327,11.588539
voierie_tertiaire_non_bitumee,731,,,,190,43.149028,11.566873
voierie_tertiaire_non_bitumee,732,,,,458,43.133102,11.577393
voierie_tertiaire_non_bitumee,733,,,,95,43.133824,11.578643
voierie_tertiaire_non_bitumee,734,,,,150,43.133226,11.578746
voierie_tertiaire_non_bitumee,735,,,,132,43.133013,11.578285
voierie_tertiaire_non_bitumee,736,,,,160,43.132768,11.578114
voierie_tertiaire_non_bitumee,737,,,,148,43.133659,11.577610
voierie_tertiaire_non_bitumee,738,,,,122,43.133562,11.577320
voierie_tertiaire_non_bitumee,739,,,,139,43.133837,11.577896
voierie_tertiaire_non_bitumee,740,,,,36,43.134307,11.578130
voierie_tertiaire_non_bitumee,741,,,,94,43.134147,11.578701
voierie_tertiaire_non_bitumee,742,,,,94,43.134410,11.578751
voierie_tertiaire_non_bitumee,743,,,,98,43.134671,11.578782
voierie_tertiaire_non_bitumee,744,,,,57,43.134910,11.578915
voierie_tertiaire_non_bitumee,745,,,,63,43.133531,11.578650
voierie_tertiaire_non_bitumee,746,,,,62,43.133562,11.578488
voierie_tertiaire_non_bitumee,747,,,,49,43.132898,11.579099
voierie_tertiaire_non_bitumee,748,,,,96,43.133821,11.579402
voierie_tertiaire_non_bitumee,749,,,,89,43.133277,11.579335
voierie_tertiaire_non_bitumee,750,,,,81,43.134112,11.579381
voierie_tertiaire_non_bitumee,751,,,,160,43.141302,11.588729
voierie_tertiaire_non_bitumee,752,,,,192,43.140511,11.588219
voierie_tertiaire_non_bitumee,753,,,,80,43.140312,11.587299
voierie_tertiaire_non_bitumee,754,,,,190,43.141107,11.587795
voierie_tertiaire_non_bitumee,755,,,,190,43.140806,11.588006
voierie_tertiaire_non_bitumee,756,,,,123,43.140610,11.588067
voierie_tertiaire_non_bitumee,757,,,,433,43.141877,11.588209
voierie_tertiaire_non_bitumee,758,,,,105,43.141607,11.586641
voierie_tertiaire_non_bitumee,759,,,,327,43.142880,11.586848
voierie_tertiaire_non_bitumee,760,,,,103,43.142188,11.586582
voierie_tertiaire_non_bitumee,761,,,,391,43.143081,11.587868
voierie_tertiaire_non_bitumee,762,,,,41,43.144390,11.588369
voierie_tertiaire_non_bitumee,763,,,,96,43.144354,11.588012
voierie_tertiaire_non_bitumee,764,,,,54,43.144269,11.587756
voierie_tertiaire_non_bitumee,765,,,,95,43.143595,11.587619
voierie_tertiaire_non_bitumee,766,,,,52,43.144046,11.587975
voierie_tertiaire_non_bitumee,767,,,,8,43.144110,11.587968
voierie_tertiaire_non_bitumee,768,,,,77,43.143520,11.587971
voierie_tertiaire_non_bitumee,769,,,,138,43.142697,11.587478
voierie_tertiaire_non_bitumee,770,,,,99,43.142479,11.586748
voierie_tertiaire_non_bitumee,771,,,,57,43.142697,11.586705
voierie_tertiaire_non_bitumee,772,,,,88,43.142835,11.587183
voierie_tertiaire_non_bitumee,773,,,,87,43.141844,11.587531
voierie_tertiaire_non_bitumee,774,,,,99,43.142495,11.588285
voierie_tertiaire_non_bitumee,775,,,,115,43.143271,11.588952
voierie_tertiaire_non_bitumee,792,,,,106,43.142844,11.588457
voierie_tertiaire_non_bitumee,793,,,,38,43.143788,11.588402
voierie_tertiaire_non_bitumee,794,,,,24,43.143885,11.588683
voierie_tertiaire_non_bitumee,795,,,,36,43.144071,11.588695
voierie_tertiaire_non_bitumee,796,,,,33,43.144187,11.587886
voierie_tertiaire_non_bitumee,797,,,,34,43.144057,11.587765
voierie_tertiaire_non_bitumee,798,,,,35,43.144066,11.587449
voierie_tertiaire_non_bitumee,799,,,,37,43.142048,11.586065
voierie_tertiaire_non_bitumee,800,,,,36,43.142187,11.586192
voierie_tertiaire_non_bitumee,801,,,,82,43.141971,11.586298
voierie_tertiaire_non_bitumee,802,,,,64,43.141758,11.586363
voierie_tertiaire_non_bitumee,803,,,,68,43.141508,11.586110
voierie_tertiaire_non_bitumee,804,,,,46,43.145174,11.587675
voierie_tertiaire_non_bitumee,805,,,,1045,43.138060,11.589157
voierie_tertiaire_non_bitumee,806,,,,84,43.139501,11.590632
voierie_tertiaire_non_bitumee,807,,,,351,43.138729,11.588933
voierie_tertiaire_non_bitumee,808,,,,37,43.138785,11.588115
voierie_tertiaire_non_bitumee,809,,,,35,43.138910,11.587875
voierie_tertiaire_non_bitumee,810,,,,29,43.139048,11.587666
voierie_tertiaire_non_bitumee,811,,,,37,43.138640,11.588382
voierie_tertiaire_non_bitumee,812,,,,39,43.138552,11.587822
voierie_tertiaire_non_bitumee,813,,,,38,43.138237,11.587664
voierie_tertiaire_non_bitumee,814,,,,81,43.144187,11.590237
voierie_tertiaire_non_bitumee,815,,,,71,43.144332,11.590798
voierie_tertiaire_non_bitumee,816,,,,66,43.144217,11.590440
voierie_tertiaire_non_bitumee,817,,,,24,43.144375,11.590637
voierie_tertiaire_non_bitumee,818,,,,72,43.144507,11.590543
voierie_tertiaire_non_bitumee,819,,,,105,43.143822,11.590827
voierie_tertiaire_non_bitumee,820,,,,69,43.143888,11.589823
voierie_tertiaire_non_bitumee,821,,,,49,43.143687,11.590373
voierie_tertiaire_non_bitumee,822,,,,61,43.143704,11.590031
voierie_tertiaire_non_bitumee,823,,,,52,43.144029,11.590061
voierie_tertiaire_non_bitumee,824,,,,70,43.144218,11.589880
voierie_tertiaire_non_bitumee,825,,,,47,43.144361,11.589548
voierie_tertiaire_non_bitumee,826,,,,47,43.144400,11.589836
voierie_tertiaire_non_bitumee,827,,,,85,43.145238,11.590405
voierie_tertiaire_non_bitumee,828,,,,92,43.145278,11.590663
voierie_tertiaire_non_bitumee,829,,,,102,43.145283,11.590958
voierie_tertiaire_non_bitumee,830,,,,201,43.145475,11.591083
voierie_tertiaire_non_bitumee,831,,,,79,43.145135,11.591355
voierie_tertiaire_non_bitumee,832,,,,70,43.145230,11.591554
voierie_tertiaire_non_bitumee,833,,,,159,43.143900,11.591336
voierie_tertiaire_non_bitumee,839,,,,109,43.146757,11.575552
voierie_tertiaire_non_bitumee,840,,,,70,43.146703,11.575863
voierie_tertiaire_non_bitumee,842,,,,68,43.148415,11.575698
voierie_tertiaire_non_bitumee,843,,,,100,43.148848,11.576606
voierie_tertiaire_non_bitumee,844,,,,103,43.148734,11.576430
voierie_tertiaire_non_bitumee,845,,,,156,43.148819,11.576785
voierie_tertiaire_non_bitumee,846,,,,65,43.149106,11.576835
voierie_tertiaire_non_bitumee,847,,,,535,43.132708,11.578364
voierie_tertiaire_non_bitumee,848,,,,103,43.133776,11.575919
voierie_tertiaire_non_bitumee,849,,,,36,43.135261,11.574861
voierie_tertiaire_non_bitumee,850,,,,131,43.136612,11.572816
voierie_tertiaire_non_bitumee,851,,,,94,43.136670,11.573193
voierie_tertiaire_non_bitumee,852,,,,108,43.133358,11.569721
voierie_tertiaire_non_bitumee,853,,,,109,43.133510,11.569924
voierie_tertiaire_non_bitumee,856,,,,146,43.137044,11.567596
voierie_tertiaire_non_bitumee,872,,,,209,43.137684,11.571490
voierie_tertiaire_non_bitumee,873,,,,146,43.138257,11.572922
voierie_tertiaire_non_bitumee,874,,,,62,43.137815,11.572881
voierie_tertiaire_non_bitumee,875,,,,89,43.138089,11.572873
voierie_tertiaire_non_bitumee,876,,,,146,43.137916,11.572455
voierie_tertiaire_non_bitumee,877,,,,41,43.141071,11.589120
voierie_tertiaire_non_bitumee,878,,,,35,43.141764,11.588624
voierie_tertiaire_non_bitumee,879,,,,38,43.141524,11.588771
voierie_tertiaire_non_bitumee,880,,,,44,43.141306,11.588959
voierie_tertiaire_non_bitumee,881,,,,115,43.141001,11.588541
voierie_tertiaire_non_bitumee,882,,,,114,43.140854,11.588325
voierie_tertiaire_non_bitumee,883,,,,34,43.140183,11.588017
voierie_tertiaire_non_bitumee,884,,,,33,43.140032,11.587789
voierie_tertiaire_non_bitumee,885,,,,75,43.140505,11.587537
voierie_tertiaire_non_bitumee,886,,,,80,43.140644,11.587774
voierie_tertiaire_non_bitumee,887,,,,32,43.140434,11.587036
voierie_tertiaire_non_bitumee,888,,,,27,43.140638,11.586860
voierie_tertiaire_non_bitumee,889,,,,32,43.140207,11.587195
voierie_tertiaire_non_bitumee,890,,,,32,43.139991,11.587347
voierie_tertiaire_non_bitumee,891,,,,29,43.140733,11.586949
voierie_tertiaire_non_bitumee,892,,,,145,43.138255,11.587372
voierie_tertiaire_non_bitumee,893,,,,37,43.138004,11.587089
voierie_tertiaire_non_bitumee,894,,,,36,43.138247,11.587194
voierie_tertiaire_non_bitumee,895,,,,35,43.138488,11.587295
voierie_tertiaire_non_bitumee,896,,,,34,43.138729,11.587400
voierie_tertiaire_non_bitumee,897,,,,143,43.137978,11.587882
voierie_tertiaire_non_bitumee,898,,,,67,43.137790,11.587499
voierie_tertiaire_non_bitumee,899,,,,35,43.132218,11.567869
voierie_tertiaire_non_bitumee,900,,,,39,43.132449,11.568008
voierie_tertiaire_non_bitumee,901,,,,44,43.132668,11.568146
voierie_tertiaire_non_bitumee,902,,,,43,43.131967,11.567774
voierie_tertiaire_non_bitumee,903,,,,44,43.131751,11.567652
voierie_tertiaire_non_bitumee,904,,,,103,43.134885,11.566809
voierie_tertiaire_non_bitumee,905,,,,122,43.133491,11.566281
voierie_tertiaire_non_bitumee,906,,,,160,43.151835,11.577734
voierie_tertiaire_non_bitumee,907,,,,152,43.152259,11.576279
voierie_tertiaire_non_bitumee,908,,,,550,43.154111,11.579095
voierie_tertiaire_non_bitumee,909,,,,168,43.158218,11.575275
voierie_tertiaire_non_bitumee,910,,,,479,43.153598,11.574197
voierie_tertiaire_non_bitumee,911,,,,591,43.157125,11.573440
voierie_tertiaire_non_bitumee,912,,,,166,43.157449,11.572744
voierie_tertiaire_non_bitumee,913,,,,314,43.156607,11.570120
voierie_tertiaire_non_bitumee,914,,,,44,43.143780,11.588968
voierie_tertiaire_non_bitumee,915,,,,65,43.143106,11.588580
voierie_tertiaire_non_bitumee,918,,,,1196,43.154265,11.573585
voierie_tertiaire_non_bitumee,919,,,,890,43.155793,11.573126
voierie_tertiaire_non_bitumee,920,,,,161,43.151279,11.568892
voierie_tertiaire_non_bitumee,921,,,,171,43.157869,11.571072
voierie_tertiaire_non_bitumee,922,,,,418,43.157962,11.566946
voierie_tertiaire_non_bitumee,923,,,,430,43.158685,11.566164
voierie_tertiaire_non_bitumee,924,,,,137,43.159226,11.567570
voierie_tertiaire_non_bitumee,925,,,,387,43.159634,11.566290
voierie_tertiaire_non_bitumee,926,,,,438,43.159931,11.566135
voierie_tertiaire_non_bitumee,927,,,,305,43.160162,11.564923
voierie_tertiaire_non_bitumee,928,,,,235,43.160721,11.566045
voierie_tertiaire_non_bitumee,929,,,,110,43.160367,11.567242
voierie_tertiaire_non_bitumee,930,,,,143,43.162206,11.571653
voierie_tertiaire_non_bitumee,931,,,,365,43.162357,11.571747
voierie_tertiaire_non_bitumee,932,,,,92,43.161180,11.572996
voierie_tertiaire_non_bitumee,933,,,,382,43.159708,11.570851
voierie_tertiaire_non_bitumee,934,,,,100,43.164085,11.570687
voierie_tertiaire_non_bitumee,935,,,,149,43.165556,11.566772
voierie_tertiaire_non_bitumee,936,,,,227,43.164819,11.568451
voierie_tertiaire_non_bitumee,937,,,,107,43.169118,11.563643
voierie_tertiaire_non_bitumee,938,,,,618,43.169139,11.560724
voierie_tertiaire_non_bitumee,939,,,,377,43.161428,11.562611
voierie_tertiaire_non_bitumee,940,,,,173,43.162209,11.562750
voierie_tertiaire_non_bitumee,941,,,,127,43.163472,11.563132
voierie_tertiaire_non_bitumee,942,,,,226,43.163286,11.562046
voierie_tertiaire_non_bitumee,943,,,,100,43.163223,11.562494
voierie_tertiaire_non_bitumee,944,,,,90,43.162759,11.563262
voierie_tertiaire_non_bitumee,945,,,,146,43.162114,11.568382
voierie_tertiaire_non_bitumee,946,,,,145,43.161620,11.568049
voierie_tertiaire_non_bitumee,947,,,,65,43.161855,11.568228
voierie_tertiaire_non_bitumee,948,,,,186,43.158082,11.579321
voierie_tertiaire_non_bitumee,951,,,,220,43.145188,11.580839
voierie_tertiaire_non_bitumee,952,,,,77,43.144411,11.581335
voierie_tertiaire_non_bitumee,953,,,,56,43.145353,11.581625
voierie_tertiaire_non_bitumee,954,,,,137,43.145455,11.580521
voierie_tertiaire_non_bitumee,955,,,,46,43.145266,11.579637
voierie_tertiaire_non_bitumee,956,,,,47,43.145021,11.579568
voierie_tertiaire_non_bitumee,957,,,,83,43.144753,11.581536
voierie_tertiaire_non_bitumee,958,,,,127,43.145005,11.581340
voierie_tertiaire_non_bitumee,959,,,,145,43.144946,11.581076
voierie_tertiaire_non_bitumee,960,,,,42,43.144838,11.579517
voierie_tertiaire_non_bitumee,961,,,,59,43.145525,11.579695
voierie_tertiaire_non_bitumee,964,,,,69,43.144816,11.582566
voierie_tertiaire_non_bitumee,965,,,,44,43.143523,11.581442
voierie_tertiaire_non_bitumee,966,,,,37,43.143861,11.581540
voierie_tertiaire_non_bitumee,967,,,,219,43.143152,11.582951
voierie_tertiaire_non_bitumee,968,,,,216,43.143506,11.582989
voierie_tertiaire_non_bitumee,969,,,,95,43.143304,11.583077
voierie_tertiaire_non_bitumee,970,,,,24,43.143522,11.582375
voierie_tertiaire_non_bitumee,971,,,,24,43.143582,11.581930
voierie_tertiaire_non_bitumee,974,,,,74,43.148678,11.567161
voierie_tertiaire_non_bitumee,975,,,,137,43.150823,11.568467
voierie_tertiaire_non_bitumee,976,,,,65,43.149918,11.568289
voierie_tertiaire_non_bitumee,977,,,,152,43.149555,11.567370
voierie_tertiaire_non_bitumee,978,,,,62,43.150530,11.567608
voierie_tertiaire_non_bitumee,979,,,,131,43.154544,11.569721
voierie_tertiaire_non_bitumee,980,,,,67,43.148483,11.601602
voierie_tertiaire_non_bitumee,983,,,,59,43.152649,11.603249
voierie_tertiaire_non_bitumee,984,,,,99,43.147426,11.611707
voierie_tertiaire_non_bitumee,986,,,,71,43.144653,11.580806
voierie_tertiaire_non_bitumee,987,,,,47,43.144957,11.580871
voierie_tertiaire_non_bitumee,988,,,,71,43.145020,11.580121
voierie_tertiaire_non_bitumee,989,,,,50,43.143328,11.583442
voierie_tertiaire_non_bitumee,990,,,,71,43.143548,11.582706
voierie_tertiaire_non_bitumee,991,,,,43,43.143522,11.582266
voierie_tertiaire_non_bitumee,992,,,,23,43.142925,11.583355
voierie_tertiaire_non_bitumee,993,,,,23,43.143126,11.582617
voierie_tertiaire_non_bitumee,994,,,,95,43.144330,11.583210
voierie_tertiaire_non_bitumee,995,,,,130,43.144149,11.583008
voierie_tertiaire_non_bitumee,996,,,,26,43.144455,11.582963
voierie_tertiaire_non_bitumee,997,,,,39,43.144575,11.582953
voierie_tertiaire_non_bitumee,998,,,,54,43.144505,11.582508
voierie_tertiaire_non_bitumee,999,,,,53,43.144502,11.583388
voierie_tertiaire_non_bitumee,1000,,,,72,43.144688,11.582773
voierie_tertiaire_non_bitumee,1001,,,,26,43.144166,11.582419
voierie_tertiaire_non_bitumee,1003,,,,71,43.144554,11.583964
voierie_tertiaire_non_bitumee,1004,,,,58,43.145248,11.583812
voierie_tertiaire_non_bitumee,1006,,,,55,43.144568,11.583146
voierie_tertiaire_non_bitumee,1007,,,,118,43.144852,11.583595
voierie_tertiaire_non_bitumee,1008,,,,38,43.144143,11.583062
voierie_tertiaire_non_bitumee,1009,,,,38,43.145589,11.583692
voierie_tertiaire_non_bitumee,1010,,,,68,43.145903,11.583926
voierie_tertiaire_non_bitumee,1012,,,,27,43.145982,11.583534
voierie_tertiaire_non_bitumee,1014,,,,111,43.145821,11.582947
voierie_tertiaire_non_bitumee,1016,,,,61,43.145891,11.582616
voierie_tertiaire_non_bitumee,1017,,,,83,43.145395,11.582610
voierie_tertiaire_non_bitumee,1043,,,,14,43.147858,11.581731
voierie_tertiaire_non_bitumee,1044,,,,26,43.147908,11.581727
voierie_tertiaire_non_bitumee,1045,,,,18,43.147966,11.581847
voierie_tertiaire_non_bitumee,1056,,,,206,43.149989,11.581548
voierie_tertiaire_non_bitumee,1058,,,,37,43.151235,11.582336
voierie_tertiaire_non_bitumee,1059,,,,34,43.151456,11.582709
voierie_tertiaire_non_bitumee,1060,,,,136,43.150778,11.583609
voierie_tertiaire_non_bitumee,1061,,,,134,43.150261,11.583116
voierie_tertiaire_non_bitumee,1062,,,,64,43.150513,11.582800
voierie_tertiaire_non_bitumee,1063,,,,98,43.150310,11.582543
voierie_tertiaire_non_bitumee,1064,,,,43,43.149200,11.582171
voierie_tertiaire_non_bitumee,1065,,,,60,43.149275,11.582075
voierie_tertiaire_non_bitumee,1066,,,,132,43.151223,11.584922
voierie_tertiaire_non_bitumee,1067,,,,95,43.150713,11.584724
voierie_tertiaire_non_bitumee,1068,,,,91,43.150503,11.584684
voierie_tertiaire_non_bitumee,1069,,,,65,43.150171,11.584821
voierie_tertiaire_non_bitumee,1070,,,,64,43.150236,11.584520
voierie_tertiaire_non_bitumee,1071,,,,28,43.150254,11.584340
voierie_tertiaire_non_bitumee,1072,,,,111,43.150935,11.583768
voierie_tertiaire_non_bitumee,1073,,,,84,43.151550,11.583999
voierie_tertiaire_non_bitumee,1074,,,,91,43.151997,11.584079
voierie_tertiaire_non_bitumee,1075,,,,45,43.151883,11.583885
voierie_tertiaire_non_bitumee,1076,,,,39,43.151817,11.584257
voierie_tertiaire_non_bitumee,1077,,,,49,43.149691,11.590744
voierie_tertiaire_non_bitumee,1081,,,,80,43.143708,11.581163
voierie_tertiaire_non_bitumee,1083,,,,110,43.144176,11.583803
voierie_tertiaire_non_bitumee,1084,,,,40,43.144753,11.584027
voierie_tertiaire_non_bitumee,1091,,,,136,43.132234,11.564321
voierie_tertiaire_non_bitumee,1092,,,,201,43.131436,11.565021
voierie_tertiaire_non_bitumee,1093,,,,109,43.132707,11.567224
voierie_tertiaire_non_bitumee,1094,,,,113,43.133346,11.567564
voierie_tertiaire_non_bitumee,1097,,,,32,43.134440,11.566862
voierie_tertiaire_non_bitumee,1098,,,,72,43.135002,11.567308
voierie_tertiaire_non_bitumee,1099,,,,41,43.134175,11.568992
voierie_tertiaire_non_bitumee,1100,,,,45,43.133792,11.569224
voierie_tertiaire_non_bitumee,1102,,,,102,43.154409,11.603489
voierie_tertiaire_non_bitumee,1103,,,,111,43.154042,11.603532
voierie_tertiaire_non_bitumee,1104,,,,127,43.153650,11.603570
voierie_tertiaire_non_bitumee,1105,,,,61,43.153343,11.603955
voierie_tertiaire_non_bitumee,1108,,,,40,43.140169,11.559866
voierie_tertiaire_non_bitumee,1109,,,,27,43.140210,11.559738
voierie_tertiaire_non_bitumee,1110,,,,356,43.141002,11.561346
voierie_tertiaire_non_bitumee,1111,,,,52,43.140580,11.562350
voierie_tertiaire_non_bitumee,1112,,,,92,43.139933,11.562237
voierie_tertiaire_non_bitumee,1113,,,,120,43.139551,11.561971
voierie_tertiaire_non_bitumee,1114,,,,248,43.133669,11.579032
voierie_tertiaire_non_bitumee,1115,,,,126,43.132464,11.578051
voierie_tertiaire_non_bitumee,1153,,,,114,43.143263,11.573668
voierie_tertiaire_non_bitumee,1155,,,,43,43.143387,11.573870
voierie_tertiaire_non_bitumee,1157,,,,105,43.144043,11.573943
voierie_tertiaire_non_bitumee,1158,,,,106,43.144709,11.574026
voierie_tertiaire_non_bitumee,1160,,,,35,43.145064,11.574247
voierie_tertiaire_non_bitumee,1161,,,,27,43.144541,11.574131
voierie_tertiaire_non_bitumee,1177,,,,321,43.143963,11.577450
voierie_tertiaire_non_bitumee,1184,,,,141,43.144279,11.577265
voierie_tertiaire_non_bitumee,1186,,,,149,43.144709,11.581288
voierie_tertiaire_non_bitumee,1188,,,,77,43.143798,11.577339
voierie_tertiaire_non_bitumee,1189,,,,37,43.143927,11.577010
voierie_tertiaire_non_bitumee,1190,,,,15,43.143675,11.576994
voierie_tertiaire_non_bitumee,1191,,,,65,43.143677,11.576698
voierie_tertiaire_non_bitumee,1200,,,,57,43.144507,11.576832
voierie_tertiaire_non_bitumee,1201,,,,81,43.144776,11.577225
voierie_tertiaire_non_bitumee,1202,,,,33,43.145352,11.577166
voierie_tertiaire_non_bitumee,1206,,,,22,43.143152,11.573538
voierie_tertiaire_non_bitumee,1207,,,,54,43.139672,11.572912
voierie_tertiaire_non_bitumee,1209,,,,49,43.139562,11.576596
voierie_tertiaire_non_bitumee,1210,,,,49,43.139412,11.576559
voierie_tertiaire_non_bitumee,1212,,,,52,43.138604,11.577265
voierie_tertiaire_non_bitumee,1213,,,,22,43.137101,11.576440
voierie_tertiaire_non_bitumee,1214,,,,96,43.144815,11.578706
voierie_tertiaire_non_bitumee,1216,,,,91,43.145235,11.578795
voierie_tertiaire_non_bitumee,1217,,,,34,43.145102,11.579002
voierie_tertiaire_non_bitumee,1218,,,,84,43.144170,11.578565
voierie_tertiaire_non_bitumee,1219,,,,127,43.144018,11.578339
voierie_tertiaire_non_bitumee,1220,,,,88,43.144351,11.578208
voierie_tertiaire_non_bitumee,1221,,,,89,43.144424,11.578629
voierie_tertiaire_non_bitumee,1222,,,,45,43.144495,11.578041
voierie_tertiaire_non_bitumee,1223,,,,85,43.144590,11.577505
voierie_tertiaire_non_bitumee,1224,,,,106,43.144977,11.576854
voierie_tertiaire_non_bitumee,1225,,,,74,43.144770,11.577566
voierie_tertiaire_non_bitumee,1226,,,,15,43.144604,11.577772
voierie_tertiaire_non_bitumee,1227,,,,26,43.144811,11.578180
voierie_tertiaire_non_bitumee,1229,,,,65,43.145530,11.578548
voierie_tertiaire_non_bitumee,1230,,,,19,43.145692,11.578794
voierie_tertiaire_non_bitumee,1231,,,,18,43.145824,11.579076
voierie_tertiaire_non_bitumee,1232,,,,63,43.145453,11.578970
voierie_tertiaire_non_bitumee,1233,,,,57,43.145331,11.578976
voierie_tertiaire_non_bitumee,1234,,,,44,43.144510,11.578867
voierie_tertiaire_non_bitumee,1235,,,,17,43.144583,11.578733
voierie_tertiaire_non_bitumee,1236,,,,10,43.144804,11.578604
voierie_tertiaire_non_bitumee,1237,,,,25,43.144779,11.578387
voierie_tertiaire_non_bitumee,1238,,,,7,43.144686,11.578322
voierie_tertiaire_non_bitumee,1239,,,,200,43.143376,11.577853
voierie_tertiaire_non_bitumee,1240,,,,334,43.143124,11.577178
voierie_tertiaire_non_bitumee,1243,,,,18,43.143309,11.575953
voierie_tertiaire_non_bitumee,1244,,,,11,43.143257,11.575963
voierie_tertiaire_non_bitumee,1245,,,,14,43.143298,11.575774
voierie_tertiaire_non_bitumee,1249,,,,26,43.142271,11.576749
voierie_tertiaire_non_bitumee,1250,,,,217,43.142396,11.577528
voierie_tertiaire_non_bitumee,1253,,,,62,43.143989,11.577241
voierie_tertiaire_non_bitumee,1254,,,,77,43.143908,11.577361
voierie_tertiaire_non_bitumee,1255,,,,62,43.143936,11.577462
voierie_tertiaire_non_bitumee,1257,,,,56,43.144371,11.576651
voierie_tertiaire_non_bitumee,1258,,,,39,43.144541,11.576523
voierie_tertiaire_non_bitumee,1259,,,,21,43.144467,11.576397
voierie_tertiaire_non_bitumee,1260,,,,50,43.144666,11.576612
voierie_tertiaire_non_bitumee,1261,,,,22,43.142416,11.577083
voierie_tertiaire_non_bitumee,1262,,,,158,43.137481,11.588802
voierie_tertiaire_non_bitumee,1263,,,,255,43.137803,11.588087
voierie_tertiaire_non_bitumee,1264,,,,394,43.138747,11.585831
voierie_tertiaire_non_bitumee,1265,,,,138,43.138881,11.585371
voierie_tertiaire_non_bitumee,1266,,,,575,43.139063,11.584337
voierie_tertiaire_non_bitumee,1267,,,,289,43.139333,11.582395
voierie_tertiaire_non_bitumee,1268,,,,190,43.137480,11.583558
voierie_tertiaire_non_bitumee,1269,,,,108,43.138526,11.584407
voierie_tertiaire_non_bitumee,1270,,,,142,43.137094,11.585668
voierie_tertiaire_non_bitumee,1271,,,,143,43.136665,11.585471
voierie_tertiaire_non_bitumee,1272,,,,339,43.135062,11.584300
voierie_tertiaire_non_bitumee,1273,,,,153,43.135856,11.584516
voierie_tertiaire_non_bitumee,1274,,,,313,43.137812,11.583178
voierie_tertiaire_non_bitumee,1275,,,,954,43.135144,11.578812
voierie_tertiaire_non_bitumee,1276,,,,304,43.134153,11.579775
voierie_tertiaire_non_bitumee,1277,,,,283,43.136326,11.578248
voierie_tertiaire_non_bitumee,1278,,,,283,43.136992,11.579170
voierie_tertiaire_non_bitumee,1279,,,,171,43.135504,11.580424
voierie_tertiaire_non_bitumee,1280,,,,201,43.136428,11.582294
voierie_tertiaire_non_bitumee,1281,,,,374,43.136423,11.582808
voierie_tertiaire_non_bitumee,1282,,,,88,43.136457,11.583479
voierie_tertiaire_non_bitumee,1283,,,,94,43.138086,11.584259
voierie_tertiaire_non_bitumee,1284,,,,38,43.138439,11.583716
voierie_tertiaire_non_bitumee,1285,,,,55,43.137419,11.583297
voierie_tertiaire_non_bitumee,1286,,,,101,43.136538,11.581537
voierie_tertiaire_non_bitumee,1287,,,,118,43.136157,11.581929
voierie_tertiaire_non_bitumee,1288,,,,152,43.136163,11.581400
voierie_tertiaire_non_bitumee,1289,,,,125,43.135011,11.582899
voierie_tertiaire_non_bitumee,1290,,,,58,43.134897,11.582641
voierie_tertiaire_non_bitumee,1291,,,,118,43.134906,11.583330
voierie_tertiaire_non_bitumee,1292,,,,48,43.134296,11.582646
voierie_tertiaire_non_bitumee,1293,,,,235,43.135735,11.589425
voierie_tertiaire_non_bitumee,1294,,,,181,43.137392,11.589835
voierie_tertiaire_non_bitumee,1295,,,,151,43.138690,11.590683
voierie_tertiaire_non_bitumee,1296,,,,525,43.142894,11.590083
voierie_tertiaire_non_bitumee,1297,,,,276,43.142821,11.592885
voierie_tertiaire_non_bitumee,1298,,,,815,43.132675,11.577259
voierie_tertiaire_non_bitumee,1299,,,,676,43.132178,11.575498
voierie_tertiaire_non_bitumee,1300,,,,167,43.133936,11.575310
voierie_tertiaire_non_bitumee,1301,,,,107,43.132879,11.576476
voierie_tertiaire_non_bitumee,1302,,,,342,43.130293,11.570039
voierie_tertiaire_non_bitumee,1303,,,,160,43.150514,11.611811
